name_author,id_author,date_publication,id_comment,text_comment,answer_to,likes,vote,id_article
–õ–µ–Ω–∞,142926,2020-07-31 10:17:31,11149844,–±–µ–∑–æ–ø–∞—Å–Ω—ã–º –¥–ª—è –ª—é–¥–µ–π —Ä–∞—Å—Ç–≤–æ—Ä–æ–º...,,0,0,5034329
Vincento Vegas,144927,2020-07-31 09:14:40,11149819,"–ù—É –ø–æ–≤–µ—Å–∏–ª–∏ –∏ —á—Ç–æ –∏–∑ —ç—Ç–æ–≥–æ —Ç–µ–ø–µ—Ä—å —Ç—Ä–∞–≥–µ–¥–∏—é –¥–µ–ª–∞—Ç—å.–ü–æ—Å—Ç–µ–±–∞–ª–∏—Å—å —Ä–µ–±—è—Ç–∞.–õ—É—á—à–µ —á–∏–Ω—É—à –∫–æ—Ä—Ä—É–ø—Ü–∏–æ–Ω–µ—Ä–æ–≤ –∏—â–∏—Ç–µ.–•–æ—Ç—è —á—Ç–æ –∏—Ö –∏—Å–∫–∞—Ç—å,–æ–Ω–∏ –ø–æ —Ç–µ–ª–µ–≤–∏–∑–æ—Ä—É –º–µ–ª—å–∫–∞—é—Ç –∫–∞–∂–¥—ã–π –¥–µ–Ω—å.",,3,7,5034325
Mcke,18563,2020-07-31 09:56:14,11149841,–ê –∫—Ç–æ –¥–µ–ª–∞–µ—Ç —Ç—Ä–∞–≥–µ–¥–∏—é? –í–ø–æ–ª–Ω–µ —Å–ø–æ–∫–æ–π–Ω–∞—è —Å—Ç–∞—Ç—å—è. –¢–æ–ª—å–∫–æ —Ç—ã –ø–æ—á–µ–º—É —Ç–æ —Ä–∞—Å—Ö–æ—Ä–∞—Ö–æ—Ä–∏–ª—Å—è,11149819,0,4,5034325
–†–∏—à—É–Ω—è,23035,2020-07-31 09:15:57,11149820,"–û—á–µ–Ω—å —Å–∏–º–≤–æ–ª–∏—á–Ω–æ. –¢–µ –∫—Ç–æ —É–º–µ—Ä –æ—Ç –∫–æ–≤–∏–¥–∞-–∞–Ω–≥–µ–ª—ã —Ç–µ–ø–µ—Ä—å. –¶–∞—Ä—Å—Ç–≤–∏–µ –∏–º –Ω–µ–±–µ—Å–Ω–æ–µ. –ò –Ω–∞–º –≤—Å–µ–º –ø—Ä–µ–¥—É–ø—Ä–µ–∂–¥–µ–Ω–∏–µ –±–µ—Ä–µ—á—å —Å–µ–±—è. –ï—Å–ª–∏ –æ–Ω –Ω–µ –º–µ—à–∞–µ—Ç –ø—Ä–æ–µ–∑–¥—É, –ø—É—Å—Ç—å –±—ã –≤–∏—Å–µ–ª.",,4,4,5034325
Adam Abbas,100965,2020-07-31 10:15:59,11149842,–ß—Ç–æ –∂–µ —ç—Ç–∏–º –æ–Ω–∏ —Ö–æ—Ç–µ–ª–∏ —Å–∫–∞–∑–∞—Ç—å?,,0,0,5034325
–õ. –ö,104259,2020-07-31 08:47:15,11149803,"–ö–∞—Ç–∏—Ç—Å—è –∫ 90—ã–º. –ü–æ—á–µ–º—É –æ–±""–µ–¥–∏–Ω–µ–Ω–Ω–∞—è –ï–≤—Ä–æ–ø–∞ –∏ –°–®–ê –∏–º–µ—é—Ç —Å—Ç–∞–±–∏–ª—å–Ω—É—é –≤–∞–ª—é—Ç—É, –∞ –º—ã –Ω–µ—Ç. –ó–∞—Ç–æ —É –Ω–∞—Å, –≥–¥–µ –Ω–µ —Å–æ–∑–¥–∞—ë—Ç—Å—è –¥–æ–±–∞–≤–ª–µ–Ω–Ω–∞—è —Å—Ç–æ–∏–º–æ—Å—Ç—å –º–∏–ª–ª–∏–∞—Ä–¥–µ—Ä—ã.",,3,3,5034324
Standart,27250,2020-07-31 08:51:44,11149804,"–î–∞–∂–µ –ø—Ä–∏  –ø–∞–¥–µ–Ω–∏–∏ –¥–æ–ª–ª–∞—Ä–∞ –∫ –¥—Ä—É–≥–∏–º –º–∏—Ä–æ–≤—ã–º –≤–∞–ª—é—Ç–∞–º –≤—Å—ë —Ä–∞–≤–Ω–æ —Ä—É–±–ª—å –∏ —Ç–µ–Ω–≥–µ –ø–∞–¥–∞—é—Ç. –≠—Ç–æ –æ—á–µ–Ω—å –ø–ª–æ—Ö–æ, –ø—Ä–∏ —Ä–∞–∑–≤–æ—Ä–æ—Ç–µ –∫—É—Ä—Å–∞ –¥–æ–ª–ª–∞—Ä–∞ —Ç–µ–Ω–≥–µ –≤–æ–æ–±—â–µ —Ä—É—Ö–Ω–µ—Ç.",,7,7,5034324
–ü–∞—Ç—Ä–æ–Ω,159810,2020-07-31 09:22:20,11149825,–ü—É—Ç–∏–Ω –∫—Ä–∞—Å–∞–≤—á–∏–∫,,1,3,5034324
–ü–∞—Ç—Ä–æ–Ω,159810,2020-07-31 10:38:10,11149853,"–ü—É—Ç–∏–Ω —Å—á–∏—Ç–∞–µ—Ç, —á—Ç–æ –ø–æ–≤—ã—à–µ–Ω–∏–µ –∫—É—Ä—Å–∞ –¥–æ–ª–ª–∞—Ä–∞ –∫ —Ä—É–±–ª—é —ç—Ç–æ –≤—ã–≥–æ–¥–Ω–æ. –û–Ω —Å–∞–º —Ç–∞–∫ –∏ –≥–æ–≤–æ—Ä–∏–ª.",,1,1,5034324
–í–∏–∫—Ç–æ—Ä –ë–µ–ª—ã–π,169650,2020-07-31 08:02:10,11149781,–ü—Ä–æ –°–ü–ò–î —Ç–∞–∫ –Ω–µ –æ—Ä–∞–ª–∏. –û–±–≤–∏–Ω—è—é—Ç –Ω–∞—Å –≤ –±–µ—Å–ø–µ—á–Ω–æ—Å—Ç–∏. –ú–∞—Å–∫–∞ —á—Ç–æ –ø–≤–Ω–∞—Ü–µ—è? –ó–∞–¥—Ä–∞–ª–∏ –≤—ã —É–∂–µ.,,1,1,5034320
–ó–æ—è –ü–∞—Ö–æ–º–æ–≤–∞,126605,2020-07-31 08:38:03,11149796,"–°–º–µ—à–∞–ª–∏—Å—å –≤ –∫—É—á—É - –∫–æ–Ω–∏, –ª—é–¥–∏.<br>–ü–æ–∫–∞ –æ–ø—Ä–µ–¥–µ–ª–∏–ª–∏, —á—Ç–æ –í–ò–ß –ø—Ä–∏–≤–æ–¥–∏—Ç –∫ –°–ü–ò–î—É, –ø—Ä–æ—à–ª–æ –≤—Ä–µ–º—è.  <br>–ú–∞—Å–∫–∞ - –ø–∞–Ω–∞—Ü–µ—è, –Ω–∏–∫—Ç–æ –Ω–µ –∑–Ω–∞–µ—Ç —á—Ç–æ –æ–Ω –±–µ—Å—Å–∏–º—Ç–æ–º–Ω—ã–π –Ω–æ—Å–∏—Ç–µ–ª—å, –º–æ—è –º–∞—Å–∫–∞, –∑–∞—â–∏—â–∞–µ—Ç –¢–ï–ë–Ø. –Ø –µ—ë –Ω–æ—à—É, –∞, —Ç—ã –Ω–µ—Ç. –û—Ç–¥–µ–ª—å–Ω–æ–µ —Å–ø–∞—Å–∏–±–æ –∑–∞ —É–≤–∞–∂–µ–Ω–∏–µ –∫ –æ–∫—Ä—É–∂–∞—é—â–∏–º. –ó–∞–¥–µ—Ä–∏ —Å–µ–±—è —Å–∞–º.",11149781,0,2,5034320
–°—Ç–µ—Ñ–∞–Ω –ê–Ω–¥–æ–ª–∏–Ω–∏,158154,2020-07-31 10:33:30,11149850,"–£ –Ω–∞—Å –Ω–∞–æ–±–æ—Ä–æ—Ç. –°—Ç–∞—Ä–ø–µ—Ä–∞–º –Ω–∞–¥–æ —Å—Ä–æ—á–Ω–æ –≤—Å—Ç—Ä–µ—Ç–∏—Ç—å—Å—è, —Å–≤–∞–¥—å–±—É –ø—Ä–æ–≤–µ—Å—Ç–∏, –∫—É–¥–∞–ª—ã–∫ –∏ –≤—Å–µ –ø—Ä–æ—á–µ–µ. –ú–æ–ª–æ–¥–µ–∂—å –¥–∞–∂–µ –ø–∏–∫–Ω—É—Ç—å –Ω–µ –º–æ–∂–µ—Ç",,0,0,5034320
–ü–∞—Ç—Ä–æ–Ω,159810,2020-07-31 06:38:11,11149740,–ò–º–∞–Ω–¥—ã –±–æ–ª—Å—ã–Ω,,0,0,5034318
m_icas –ú—É—Ä—Ç–∞–∑–∏–Ω–∞,102809,2020-07-31 06:43:28,11149742,"–ë–ª–∏–Ω, –ø–æ—á–µ–º—É —É–º–∏—Ä–∞—é—Ç —Å–∞–º—ã–µ –ø—Ä–æ–¥–≤–∏–Ω—É—Ç—ã–µ ? –ò–º–∞–Ω–¥—ã –±–æ–ª—Å—ã–Ω",,1,1,5034318
–ê—Ä–≥—ã–Ω,141895,2020-07-31 06:56:13,11149747,–ò–º–∞–Ω–¥—ã –±–æ–ª—Å—ã–Ω,,0,0,5034318
–î–∏–Ω–∞ D,128862,2020-07-31 06:59:54,11149752,–ò–º–∞–Ω–¥—ã –ë–æ–ª—Å—ã–Ω! –î–µ–π—Å—Ç–≤–∏—Ç–µ–ª—å–Ω–æ –æ–Ω –±—ã–ª —Ö–æ—Ä–æ—à–∏–º –ß–µ–ª–æ–≤–µ–∫–æ–º –∏ –æ–Ω —É—à–µ–ª –≤ —Ç–∞–∫–æ–π —Å–≤—è—Ç–æ–π –¥–µ–Ω—å.,,1,1,5034318
Bek,162880,2020-07-31 07:15:31,11149761,–ò–º–∞–Ω–¥—ã –±–æ–ª—Å—ã–Ω! –¢–∞–∫–∏–µ –ª—é–¥–∏ –¥–æ—Å—Ç–æ–π–Ω—ã —É–≤–∞–∂–µ–Ω–∏—è!,,1,1,5034318
–ë–∞—Ö—ã—Ç –¢–∞–ª—ã—Å–±–∞–µ–≤–∞,147895,2020-07-31 07:42:01,11149765,–ò–º–∞–Ω—ã –∂–æ–ª–¥–∞—Å –±–æ–ª—Å—ã–Ω,,0,0,5034318
Dikii Zapad,100747,2020-07-31 06:25:48,11149730,–û–¥–Ω–æ –¥–µ–ª–æ —Ç–∞–π–Ω–∞ —Å–ª–µ–¥—Å—Ç–≤–∏—è –Ω–æ –ø–æ—á–µ–º—É –Ω–µ –æ–∑–≤—É—á–∏–≤–∞—é—Ç –∏–º—è –∏ —Ñ–æ—Ç–æ –ø—Ä–∏–∑–Ω–∞–Ω–Ω–æ–≥–æ –≤–∏–Ω–æ–≤–Ω—ã–º —Å—É–¥–æ–º –ø—Ä–µ—Å—Ç—É–ø–Ω–∏–∫–∞ –∫–æ—Ç–æ—Ä—ã–π —á–µ—Ä–µ–∑ —à–µ—Å—Ç—å —Å–µ–º—å –ª–µ—Ç —Å–º–æ–∂–µ—Ç –≤—ã–π—Ç–∏ –ø–æ —É–¥–æ?,,1,1,5034317
Assel,146369,2020-07-31 06:37:13,11149739,"–ï—Å—Ç—å —Å–∞–π—Ç –≥–¥–µ —É–∫–∞–∑–∞–Ω—ã –º–µ—Å—Ç–∞ —Ä–µ–≥–∏—Å—Ç—Ä–∞—Ü–∏–∏, —Å—Ç–∞—Ç—å–∏ –∏ –ø–æ–ª–Ω—ã–µ –§–ò–û –ø—Ä–µ—Å—Ç—É–ø–Ω–∏–∫–æ–≤ –∫–æ–≥–¥–∞ –ª–∏–±–æ –æ—Å—É–∂–¥—ë–Ω–Ω—ã—Ö, –æ—Ç–±—ã–≤–∞–≤—à–∏—Ö –∏ –æ—Ç–±—ã–≤–∞—é—â–∏—Ö –Ω–∞–∫–∞–∑–∞–Ω–∏–µ –ø–æ —Ç–∞–∫–∏–º —Å—Ç–∞—Ç—å—è–º. –ó–∞—á–µ–º –∂–µ –≤ –Ω–æ–≤–æ—Å—Ç—è—Ö –Ω–∞ –≤—Å—é —Å—Ç—Ä–∞–Ω—É –≤–µ—â–∞—Ç—å –æ–± —ç—Ç–æ–º!? –í–µ–¥—å –Ω–µ–∏–∑–≤–µ—Å—Ç–Ω–æ –∫—Ç–æ –∏ –≤ –∫–∞–∫–∏—Ö —Ü–µ–ª—è—Ö –∑–∞—Ö–æ—á–µ—Ç –∏—Å–ø–æ–ª—å–∑–æ–≤–∞—Ç—å –¥–∞–Ω–Ω—É—é –∏–Ω—Ñ–æ—Ä–º–∞—Ü–∏—é. –°–æ–≤—Å–µ–º –Ω–µ–¥–∞–≤–Ω–æ —É–∂–µ –±—ã–ª –ø—Ä–µ—Ü–µ–¥–µ–Ω—Ç –∫–æ–≥–¥–∞ –Ω–∞—Ä–æ–¥ —É–≤–ª–µ–∫—à–∏–π—Å—è –ø–æ–¥—Å—Ç—Ä–µ–∫–∞—Ç–µ–ª—è–º–∏ —á—É—Ç—å –Ω–µ —É—Å—Ç—Ä–æ–∏–ª —Å–∞–º–æ—Å—É–¥.",11149730,0,0,5034317
Vitek Tsoy,145778,2020-07-31 06:45:48,11149743,"–°—É–¥—å–∏ –≤–æ–æ–±—â–µ —Å–æ–≤–µ—Å—Ç—å –Ω–µ –∏–º–µ—é—Ç, —Ç–∞–∫–∏–º –Ω–∞–¥–æ –ø–æ –º–∞–∫—Å–∏–º–∞–ª—å–Ω–æ–π —Å—Ä–æ–∫ –¥–∞–≤–∞—Ç—å, —É—á–∏—Ç—ã–≤–∞—è, —á—Ç–æ –Ω–∞ —Å–º–µ—Ä—Ç–Ω—É—é –∫–∞–∑–Ω—å —É –Ω–∞—Å –º–æ—Ä–∞—Ç–æ—Ä–∏–π. –ê –æ–Ω–∏ –ø–æ –º–∏–Ω–∏–º–∞–ª—å–Ω–æ–π –æ—Å—É–¥–∏–ª–∏ —ç—Ç–æ–≥–æ –Ω–µ —á–µ–ª–æ–≤–µ–∫–∞. –ß—Ç–æ –µ—â—ë –¥—É–º–∞—Ç—å –æ —Å—É–¥—å—è—Ö? –ö–æ–≥–¥–∞ –≤ —ç—Ç–æ–π —Å—Ç—Ä–∞–Ω–µ –±—É–¥–µ—Ç —Å–ø—Ä–∞–≤–µ–¥–ª–∏–≤–æ—Å—Ç—å, –ø–æ—á–µ–º—É —ç—Ç–æ—Ç –Ω–µ—á–µ–ª–æ–≤–µ–∫ –ø–æ–ª—É—á–∏–ª –º–∏–Ω–∏–º–∞–ª—å–Ω—ã–π —Å—Ä–æ–∫?",,2,2,5034317
Vitek Tsoy,145778,2020-07-31 06:51:02,11149744,"–°—Ä–æ–∫ –ø–æ —ç—Ç–æ–π —Å—Ç–∞—Ç—å–µ –æ—Ç 12 –¥–æ 17 –ª–µ—Ç, –æ–Ω–∏ –¥–∞–∂–µ –Ω–∏–∂–µ –Ω–∏–∂–Ω–µ–≥–æ –ø—Ä–µ–¥–µ–ª–∞ –æ—Å—É–¥–∏–ª–∏, –≤–æ–æ–±—â–µ —Å–ª–æ–≤ –Ω–µ—Ç.",11149743,1,1,5034317
Assel,146369,2020-07-31 06:51:52,11149745,"–°–æ–≥–ª–∞—Å–Ω–∞. –í—Å–µ –ø—Ä–µ—Å—Ç—É–ø–ª–µ–Ω–∏—è —Å–æ–≤–µ—Ä—à–µ–Ω–Ω—ã–µ –ø—Ä–æ—Ç–∏–≤ –Ω–µ—Å–æ–≤–µ—Ä—à–µ–Ω–Ω–æ–ª–µ—Ç–Ω–∏—Ö –¥–æ–ª–∂–Ω—ã –Ω–∞–∫–∞–∑—ã–≤–∞—Ç—å—Å—è –º–∞–∫—Å–∏–º–∞–ª—å–Ω–æ —Å—Ç—Ä–æ–≥–æ –∏ –Ω–µ —Å —Ö–∏–º–∏—á–µ—Å–∫–æ–π –∫–∞—Å—Ç—Ä–∞—Ü–∏–µ–π, –∞ —Ñ–∏–∑–∏—á–µ—Å–∫–æ–π. –ß—Ç–æ–± –ª—é–±–æ–π —Ç—ã—Å—è—á—É —Ä–∞–∑ –ø–æ–¥—É–º–∞–ª –ø—Ä–µ–∂–¥–µ —á–µ–º –Ω–∞–¥—Ä—É–≥–∞—Ç—å—Å—è –Ω–∞–¥ —Ä–µ–±–µ–Ω–∫–æ–º.",11149743,2,2,5034317
–î–∏–Ω–∞—Ä–∞,170434,2020-07-31 08:24:13,11149789,–ù–µ –Ω—É–∂–Ω–æ –ø—É—Ç–∞—Ç—å.–°–µ–π—á–∞—Å –∑–∞–∫–æ–Ω–æ–¥–∞—Ç–µ–ª—å —É–∂–µ—Å—Ç–æ—á–∏–ª –Ω–∞–∫–∞–∑–∞–Ω–∏–µ –∑–∞ –¥–∞–Ω–Ω—ã–π –≤–∏–¥ –ø—Ä–µ—Å—Ç—É–ø–ª–µ–Ω–∏—è .–ê –µ–≥–æ —Å—É–¥–∏–ª–∏ –¥–æ –∏–∑–º–µ–Ω–µ–Ω–∏–π –∏ –∑–∞–∫–æ–Ω,,0,0,5034317
–∞–π—Ç–∫–æ–∂–∞ –°–∞–≥–Ω–∞–µ–≤,118328,2020-07-31 09:20:02,11149821,–ü–æ—á–µ–º—É —Å—É–¥ –Ω–µ –ø—Ä–∏–º–µ–Ω–∏–ª –¥–æ–ø–æ–ª–Ω–∏—Ç–µ–ª—å–Ω–æ–µ –Ω–∞–∫–∞–∑–∞–Ω–∏–µ- —Ö–∏–º–∏—á–µ—Å–∫—É—é –∫–∞—Å—Ç—Ä–∞—Ü–∏—é?,,0,0,5034317
–ñ—É–º–∞–∫—Å–∞–Ω–æ–≤ –ï–ª–¥–æ—Å,170442,2020-07-31 10:25:42,11149846,"–û—Å–æ–±–æ –≤–∞–∂–Ω–æ. <br>–ï—Å–ª–∏ –≤–Ω–∏–º–∞—Ç–µ–ª—å–Ω–æ –ø—Ä–æ—á–∏—Ç–∞—Ç—å —Å—Ç–∞—Ç—å—é, —Ç–æ —Ä–µ—á—å –∏–¥–µ—Ç –æ –ø—Ä–∏–≥–æ–≤–æ—Ä–µ 19 –≥–æ–¥–∞!!!<br>–£–ñ–ï–°–¢–û–ß–ï–ù–ò–ï –ó–ê–ö–û–ù–ê –≤—Å—Ç—É–ø–∏–ª–∏ –≤ —Å–∏–ª—É —Ç–æ–ª—å–∫–æ –≤ —è–Ω–≤–∞—Ä–µ 2020!!! –ì–æ–¥–∞. <br>Vitek Tsoy",,0,0,5034317
–ò—Ä–∏–Ω–∞,166893,2020-07-31 05:40:04,11149690,–ï—Å–ª–∏ –≤ –ø–µ—Ä–∏–æ–¥ –ß–ü –ª—é–¥–∏ —Ä–µ–∞–ª—å–Ω–æ –ø–æ–ª—É—á–∏–ª–∏ –¥–µ–Ω—å–≥–∏ —Ç–æ –≤ —ç—Ç–æ—Ç —Ä–∞–∑ –Ω–∏ –∫–æ–º—É –Ω–∏ —á–µ–≥–æ –Ω–µ –≤—ã–ø–ª–∞—á–∏–≤–∞—é—Ç ! –§–∏–∫—Ç–∏–≤–Ω—ã–µ –≤—ã–ø–ª–∞—Ç—ã –Ω–µ —Å—É—â–µ—Å—Ç–≤—É—é—â–∏–º –ª—é–¥—è–º ! –ê –¥–µ–Ω—å–≥–∏ –∏–¥—É—Ç –≤ –∫–∞—Ä–º–∞–Ω —á–∏–Ω–æ–≤–Ω–∏–∫–æ–≤!,,1,1,5034316
–ê–π–≥—É–ª—å –ê–±–µ–ª—å–¥–∏–Ω–æ–≤–∞,121290,2020-07-31 07:59:18,11149776,–¢–æ—á–Ω–æ —Å–æ–≥–ª–∞—Å–Ω–∞ –ø–æ–ª–æ–≤–∏–Ω—É —Å–≤–∏—Å–Ω—É–ª–∏.–≤–æ—Ä—ã,11149690,1,1,5034316
–õ–µ–≥–∏–æ–Ω–µ—Ä,18743,2020-07-31 05:56:26,11149704,"–û–≥–æ–≤–æ—Ä—é—Å—å —Å—Ä–∞–∑—É –∫–∞–∫ –∏ –≤ –ø–µ—Ä–≤—ã–π, —Ç–∞–∫ –∏ –≤–æ –≤—Ç–æ—Ä–æ–π —Ä–∞–∑ –¥–∞–∂–µ –∑–∞—è–≤–∫—É –Ω–µ –ø–æ–¥–æ–≤–∞–ª. –ú–Ω–µ —ç—Ç–∏ –∂–∞–ª–∫–∏–µ –ø–æ–¥–∞—á–∫–∏ –Ω–µ –∫ —á–µ–º—É. –ù–æ –≤ –ø–µ—Ä–≤—ã–π —Ä–∞–∑ –æ—Ç –º–Ω–æ–≥–∏—Ö —Å–ª—ã—à–∞–ª, —á—Ç–æ –ø–æ–ª—É—á–∏–ª–∏ 42500. –í —ç—Ç–æ—Ç —Ä–∞–∑ –Ω–µ –≤–∏–¥–µ–ª –Ω–µ –æ–¥–Ω–æ–≥–æ —á–µ–ª–æ–≤–µ–∫–∞, –∫–æ–º—É –±—ã –æ–¥–æ–±—Ä–∏–ª–∏. –í—Å–µ–º –æ—Ç–∫–∞–∑, –¥—É–º–∞—é –Ω–∏–∫—Ç–æ –Ω–∏—á–µ–≥–æ –≤ –∫–∞—Ä–º–∞–Ω –Ω–µ –∫–ª–∞–¥—ë—Ç. –ü—Ä–æ—Å—Ç–æ —á–µ—Ä–µ–∑ –°–ú–ò —Å–æ–∑–¥–∞–ª–∏ –≤–∏–¥–∏–º–æ—Å—Ç—å —á—Ç–æ —è–∫–æ–±—ã –ø–æ–¥–¥–µ—Ä–∂–∏–≤–∞—é—Ç, –ø–æ–º–æ–≥–∞—é—Ç. –ù–∞ —Å–∞–º–æ–º –¥–µ–ª–µ –æ—á–µ—Ä–µ–¥–Ω–æ–µ –≤—Ä–∞–Ω—å–µ.",,0,0,5034316
Oksana,157795,2020-07-31 06:07:28,11149715,"–Ø –≤–æ–æ–±—â–µ –Ω–µ –∑–Ω–∞—é –∫–∞–∫ –º–æ–∂–Ω–æ –ø–æ–ø–∞—Å—Ç—å –≤ —á–∏—Å–ª–æ –ø–æ–ª—É—á–∏–≤—à–∏—Ö? –Ø –ø–æ–ª—É—á–∞–µ—Ç—Å—è –¥–æ—Ö–æ–¥ –Ω–µ –ø–æ—Ç–µ—Ä—è–ª–∞, –∞ —Ç–æ —á—Ç–æ –∑–∞—Ä–ø–ª–∞—Ç–∞ 50%.—ç—Ç–æ –Ω–∏—á–µ–≥–æ - –∂–∏—Ç—å –º–æ–∂–Ω–æ, –Ω–∞–≤–µ—Ä–Ω–æ–µ, –Ω–∞ 45000.  –ü–æ—ç—Ç–æ–º—É –º–Ω–µ —Ñ–∏–≥—É –ø–æ–∫–∞–∑–∞–ª–∏ .  –ê 42500  —ç—Ç–æ —Ç–æ—á–Ω–æ –ø–æ–¥–∞—á–∫–∞. –ï—Å–ª–∏ —É—á–µ—Å—Ç—å —Ç–æ —á—Ç–æ –∫–æ–º–º—É–Ω–∞–ª–∫–∞ 35000, –∫—Ä–µ–¥–∏—Ç 70000, –∏ –µ—â—ë –∫—É—à–∞—Ç—å —Ö–æ—á–µ—Ç—Å—è, —Ö–æ—Ç—å —á–µ—Ä–µ–∑ –¥–µ–Ω—å.",11149704,0,0,5034316
–•–µ—Ä–õ–∏–û–Ω,17330,2020-07-31 06:02:07,11149709,"–í–æ—Ç –∏–Ω—Ç–µ—Ä–µ—Å–Ω–æ, –∫–æ–º—É –æ–Ω–∏ –∞–≤—Ç–æ–º–∞—Ç–∏—á–µ—Å–∫–∏ –Ω–∞–∑–Ω–∞—á–∞—é—Ç –≤—ã–ø–ª–∞—Ç—É? <br>–ü–µ—Ä–≤—ã–µ 2 –≤—ã–ø–ª–∞—Ç—ã —è –ø–æ–ª—É—á–∏–ª, –≤ —Ç–æ—Ç –∂–µ –ø–µ—Ä–∏–æ–¥ —É–≤–æ–ª–∏–ª–∏ —Å —Ä–∞–±–æ—Ç—ã –∏ –¥–æ —Å–∏—Ö –ø–æ—Ä —è –æ—Ñ–∏—Ü–∏–∞–ª—å–Ω–æ –Ω–µ —Ç—Ä—É–¥–æ—É—Å—Ç—Ä–æ–µ–Ω. <br>–ê –≤—ã–ø–ª–∞—Ç—ã –Ω–µ—Ç! –ê—É, —è –≤—Å—ë –µ—â—ë –±–µ–∑—Ä–∞–±–æ—Ç–Ω—ã–π üòÇ<br>–≠—Ç–æ –±–ª–∞–≥–æ —è –Ω–µ –Ω—É–∂–¥–∞—é—Å—å –≤ —ç—Ç–∏—Ö –¥–µ–Ω—å–≥–∞—Ö, –∞ –æ—Å—Ç–∞–ª—å–Ω—ã–µ, –∫–æ–≥–æ —É–≤–æ–ª–∏–ª–∏, –∫–æ–º–ø–∞–Ω–∏–∏ –∏—Ö –ø—Ä–æ–¥–æ–ª–∂–∞—é—Ç –¥–µ—è—Ç–µ–ª—å–Ω–æ—Å—Ç—å, –∞ –Ω–æ–≤–æ–π —Ä–∞–±–æ—Ç—ã –Ω–µ –Ω–µ –Ω–∞—à–ª–∏. <br>–ò–º –∫–∞–∫ –±—ã—Ç—å???",,0,0,5034316
–í–ª–∞–¥–∏–º–∏—Ä,121467,2020-07-31 06:23:42,11149728,—Ö–æ—Ä–æ—à –Ω–∞—Ä–æ–¥—É –ª–∞–ø—à—É –≤–µ—à–∞—Ç—å.. –ª—É—á—à–µ –±—ã –º–æ–ª—á–∞–ª–∏ –≤ —Ç—Ä—è–ø–æ—á–∫—É,,0,0,5034316
Alik prais,29972,2020-07-31 07:04:52,11149757,–ê –æ—Å—Ç–∞–ª—å–Ω—ã–µ 15 –º–∏–ª–ª–∏–æ–Ω–æ–≤? –ê —Ç–µ –∫—Ç–æ –æ—Å—Ç–∞–ª—Å—è –±–µ–∑ —Ä–∞–±–æ—Ç—ã –∑–∞–¥–æ–ª–≥–æ –¥–æ –≤–∏—Ä—É—Å–∞?,,0,0,5034316
–ú–∞–¥–∏–Ω–∞ –ë–æ—Ä–∏—Å–æ–≤–∞,170417,2020-07-31 07:46:40,11149768,"–ó–¥—Ä–∞–≤—Å—Ç–≤—É–π—Ç–µ,  —è —è –º–∞—Ç—å –æ–¥–∏–Ω–æ—á–∫–∞ –¥–≤–æ–∏—Ö –¥–µ—Ç–µ–π, –∫–∞—Ç–µ–≥–æ—Ä–∏—è —Å–∞–º–æ–∑–∞–Ω—è—Ç—ã–π. –û–ø–ª–∞—Ç–∞ –ï–°–ü –µ—Å—Ç—å –Ω–æ –º–Ω–µ –æ—Ç–∫–∞–∑—ã–≤–∞—é—Ç –≤ –≤—ã–ø–ª–∞—Ç–µ. –ê —Ç–µ–º –∫—Ç–æ —Ä–∞–±–æ—Ç–∞–µ—Ç  –≤—ã–ø–ª–∞—á–∏–≤–∞—é—Ç(    —ç—Ç–æ –≤–æ–æ–±—â–µ  –Ω–æ—Ä–º–∞–ª—å–Ω–æ",,0,0,5034316
–ö—É–µ—Ä—Ç–∏ –ö–ª–∞–≤–∏–∞—Ç—É—Ä–æ–≤,101548,2020-07-31 07:49:09,11149769,"–ü–æ—á–µ–º—É –æ–± —ç—Ç–∏—Ö ""—É—Å–ø–µ—Ö–∞—Ö"" –≤—Å–µ –≤—Ä–µ–º—è —Ç–≤–µ—Ä–¥—è—Ç?",,0,0,5034316
nomad_,116412,2020-07-31 04:44:28,11149614,"–≠—Ç–æ —Ç–æ—Ç –ø–æ—Å–æ–ª, —á—Ç–æ –ø...—Ç –º–Ω–æ–≥–æ? –ê —Ñ–æ—Ç–∫—É —Å –î–∂–∞–∫—Å—ã–±–µ–∫–æ–≤ –∑–∞—á–µ–º –≤—ã—Ç–∞—â–∏–ª–∏? –û–Ω —É–∂–µ –¥–∞–≤–Ω–æ –∫–∞–∫ –Ω–∞ –ø–µ–Ω—Å–∏—é –≤—ã–ø–Ω—É—Ç",,1,5,5034313
Advokat,169765,2020-07-31 06:17:03,11149721,–ü–æ–º–µ–Ω—è–ª–∏ —É–∂–µ —Ñ–æ—Ç–∫—É —Ç–æ,11149614,0,0,5034313
–ë–æ–ª–∞—Ç –ú—É—Å–∞–±–∞–µ–≤,162912,2020-07-31 07:04:17,11149756,–ì–¥–µ —É–≤–∏–¥–µ–ª –î–∂–µ–∫—Å–æ–Ω–∞?,11149614,0,0,5034313
Advokat,169765,2020-07-31 04:48:51,11149625,""".... –ø—Ä–æ—Ü–≤–µ—Ç–∞–Ω–∏–µ –∏ —Ä–∞–∑–≤–∏—Ç–∏–µ —Ä–µ–≥–∏–æ–Ω–∞"" - –ø–æ–¥ —Ä–µ–≥–∏–æ–Ω–æ–º, —á—Ç–æ –æ–Ω –ø–æ–¥—Ä–∞–∑—É–º–µ–≤–∞–µ—Ç, –Ω–µ –º–æ–≥—É –ø–æ–Ω—è—Ç—å",,3,3,5034313
–ú–∞–∫—Å –ò–≤–∞–Ω–æ–≤,101412,2020-07-31 04:51:26,11149631,üòâ–ö–∞–∫ —á—Ç–æ? –¢–æ —á—Ç–æ –Ω—É–∂–Ω–æ —Ç–æ –∏ —Ä–µ–≥–∏–æ–Ω    ,11149625,2,6,5034313
–ü—Ä–µ–ø–æ–¥–æ–±–Ω—ã–π –ö–æ–Ω–¥—Ä–∞—Ç–∏–π,169516,2020-07-31 09:42:48,11149836,"–¢—É—Ç –≥–ª–∞–≤–Ω–æ–µ - "". <b>–ö–∏—Ç–∞–π—Å–∫–∏–µ –∏ –∫–∞–∑–∞—Ö—Å—Ç–∞–Ω—Å–∫–∏–µ –≤–æ–æ—Ä—É–∂–µ–Ω–Ω—ã–µ —Å–∏–ª—ã </b>—Ä–µ—à–∏—Ç–µ–ª—å–Ω–æ —Ä–∞—Å–ø—Ä–∞–≤–ª—è—é—Ç—Å—è —Å ""—Ç—Ä–µ–º—è —Å–∏–ª–∞–º–∏ –∑–ª–∞"" –∏ <b>–≤—ã—Å—Ç—É–ø–∞—é—Ç –ø—Ä–æ—Ç–∏–≤ —Å–æ–∑–¥–∞–Ω–∏—è ""—Ü–≤–µ—Ç–Ω–æ–π —Ä–µ–≤–æ–ª—é—Ü–∏–∏"" –≤ —Ä–µ–≥–∏–æ–Ω–µ""</b>",11149625,0,0,5034313
–í–ª–∞—Å—Ç—å –±–µ–¥–Ω—ã–º!,170075,2020-07-31 04:54:55,11149634,–î–∞–∂–µ –æ–¥–Ω–æ–≥–æ –º–∏–ª–ª–∏–æ–Ω–∞ –∏—Ö –ª–∏—á–Ω–æ–≥–æ —Å–æ—Å—Ç–∞–≤–∞ —Ö–≤–∞—Ç–∏—Ç —á—Ç–æ–±—ã –±–µ–∑ —à—É–º—É –∏ –ø—ã–ª–∏ —Ä–∞–∑–¥–∞–≤–∏—Ç—å –Ω–∞—à—É –Ω–µ–¥–æ–∞—Ä–º–∏—é –∫–∞–∫ –∫–ª–æ–ø–æ–≤. –¢–æ–ª—å–∫–æ –†–æ—Å—Å–∏—è —è–≤–ª—è–µ—Ç—Å—è –ø—Ä–µ–≥—Ä–∞–¥–æ–π –Ω–∞ –ø—É—Ç–∏ –ø–æ–ª–Ω–æ–≥–æ –∞–Ω–Ω–µ–∫—Å–∏—Ä–æ–≤–∞–Ω–∏—è,,1,13,5034313
–ê—Ä—Ç—É—Ä  –£—Ä–∞–∑–æ–≤,161415,2020-07-31 05:04:06,11149643,"–ö–∞–∫ –±—ã –†–§ –Ω–µ –∞–Ω–µ–∫—Å–∏—Ä–æ–≤–∞–ª–∞ —á–∞—Å—Ç—å ""–∏—Å–∫–æ–Ω–Ω–æ —Ä—É—Å—Å–∫–∏—Ö –∑–µ–º–µ–ª—å"" —É –Ω–∞—Å...",11149634,-4,18,5034313
arqa,166541,2020-07-31 05:19:36,11149662,"–ï—Å–ª–∏ –±—ã –º–æ–∂–Ω–æ –±—ã–ª–æ —Ç—É–ø–æ —Å–∏–ª–æ–π –∞–Ω–Ω–µ–∫—Å–∏—Ä–æ–≤–∞—Ç—å, —Ç–æ –≤ –º–∏—Ä–µ –±—ã–ª –±—ã —Ö–∞–æ—Å. –¢–æ, —á—Ç–æ —Å–ª—É—á–∏–ª–æ—Å—å –≤ –£–∫—Ä–∞–∏–Ω–µ, –Ω–µ –º–æ–≥–ª–æ –ø—Ä–æ–∏–∑–æ–π—Ç–∏ –±–µ–∑<br>–ø—Ä–µ–¥–∞—Ç–µ–ª—å—Å—Ç–≤–∞ –≤ –≤–µ—Ä—Ö–∞—Ö –£–∫—Ä–∞–∏–Ω—ã. –ß—Ç–æ–±—ã –∞–Ω–Ω–µ–∫—Å–∏—Ä–æ–≤–∞—Ç—å —á—Ç–æ –ª–∏–±–æ —É –ö–∞–∑–∞—Ö—Å—Ç–∞–Ω–∞, —ç—Ç–æ –Ω—É–∂–Ω–æ –±—ã—Ç—å –≥–æ—Ç–æ–≤—ã–º –∫ —Ç–æ–º—É, —á—Ç–æ —ç—Ç–æ –±—É–¥–µ—Ç —Ö–æ—Ä–æ—à–∏–π –ø–æ–≤–æ–¥ –¥–ª—è —Ö–∏—â–Ω–∏–∫–æ–≤ –º–∏—Ä–æ–≤–æ–≥–æ –º–∞—Å—à—Ç–∞–±–∞ –Ω–∞—á–∞—Ç—å –æ–ø–µ—Ä–∞—Ü–∏—é ‚Äú—Å–æ–≥—ã–º‚Äù –≤ –æ—Ç–Ω–æ—à–µ–Ω–∏–∏ —Ö–∏—â–Ω–∏–∫–æ–≤. –ß—Ç–æ–±—ã —Ö–∏—â–Ω–∏–∫–∏ –Ω–µ —Ä–≤–∞–ª–∏ –Ω–∞—Å, –Ω—É–∂–Ω–æ –∏—Ö –∫–æ—Ä–º–∏—Ç—å –≤–æ–≤—Ä–µ–º—è...",11149643,0,8,5034313
–í–ª–∞—Å—Ç—å –±–µ–¥–Ω—ã–º!,170075,2020-07-31 05:25:19,11149669,"–í–æ–æ–±—â–µ —Ç–æ —ç—Ç–æ ""–∏—Å–∫–æ–Ω–Ω–æ –∫–∏—Ç–∞–π—Å–∫–∏–µ –∑–µ–º–ª–∏"" –Ω–µ –≤–µ—Ä–∏—Ç–µ? –ø–æ—á–∏—Ç–∞–π—Ç–µ —à–∫–æ–ª—å–Ω—ã–µ —É—á–µ–±–Ω–∏–∫–∏ –∫–∏—Ç–∞—è!",11149643,2,8,5034313
–í–ª–∞—Å—Ç—å –±–µ–¥–Ω—ã–º!,170075,2020-07-31 05:26:45,11149673,–ü—Ä–µ–¥–∞—Ç–µ–ª—å—Å—Ç–≤–æ –≤ –≤–µ—Ä—Ö–∞—Ö —É–∫—Ä–∞–∏–Ω—ã —ç—Ç–æ –∏ –±—ã–ª –º–∞–π–¥–∞–Ω –∏ –Ω–∞—Å–∏–ª—å—Å—Ç–≤–µ–Ω–Ω–∞—è —Å–º–µ–Ω–∞ –≤–ª–∞—Å—Ç–∏,11149662,1,9,5034313
arqa,166541,2020-07-31 08:00:05,11149778,"–°–º–æ—Ç—Ä–∏ –Ω–∞ –¥–µ–ª–∞. –°–ª–æ–≤–∞ —Ä–∞–∑–Ω—ã–µ –º–æ–≥—É—Ç –±—ã—Ç—å, –≤ —Ä–∞–∑–Ω—ã—Ö —Å–∏—Ç—É–∞—Ü–∏—è—Ö.",11149669,1,3,5034313
arqa,166541,2020-07-31 08:01:11,11149779,"–ü—Ä–µ–¥–∞–ª–∏ —Ç–µ, –∫—Ç–æ –≤—Å–µ –≤–∏–¥–µ–ª –∏ –Ω–∏—á–µ–≥–æ –Ω–µ –ø—Ä–µ–¥–ø—Ä–∏–Ω—è–ª.",11149673,1,3,5034313
–æ—Ç—Ä—è–¥—ã  –ø—É—Ç–∏–Ω–∞,169004,2020-07-31 09:26:45,11149831,–î–∞–ª—å–Ω–∏–π –≤–æ—Å—Ç–æ–∫ –†–§ –∏—Å–∫–æ–Ω–Ω—ã–µ –∑–µ–º–ª–∏ –ö–∏—Ç–∞—è,11149669,0,2,5034313
Eljas Esengeldiev,107567,2020-07-31 09:38:55,11149834,–≠–∫–æ–Ω–æ–º–∏–∫–∞ —Ç–∞–∫–æ–µ –≤—Ä—è–¥ –ª–∏ –≤—ã–¥–µ—Ä–∂–∏—Ç,11149643,1,1,5034313
ramoss,117424,2020-07-31 05:27:02,11149674,–ß—Ç–æ –∑–∞ –µ—Ä—É–Ω–¥–∞... –ò—Å—Ç–æ—Ä–∏—é —É—á–∏—Ç–µ... –ú–∞–∫–∏–∞–≤–µ–ª–∏ –ø–æ—á–∏—Ç–∞–π—Ç–µ...,11149634,1,5,5034313
–í–ª–∞—Å—Ç—å –±–µ–¥–Ω—ã–º!,170075,2020-07-31 05:27:45,11149676,–Ø –≤–∞–º –Ω–µ –ø—Ä–æ –∏—Å—Ç–æ—Ä–∏—é –∞ –ø—Ä–æ –Ω—ã–Ω–µ—à–Ω–µ–µ —Ñ–∞–∫—Ç–∏—á–µ—Å–∫–æ–µ –ø–æ–ª–æ–∂–µ–Ω–∏–µ –¥–µ–ª,11149674,-1,5,5034313
Takke,22396,2020-07-31 05:47:25,11149696,"–∑–∞—Ç–æ —É –Ω–∞—Å –≥–µ–Ω–µ—Ä–∞–ª—ã –≤—Å–µ –¥–æ–∫—Ç–æ—Ä–∞ –Ω–∞—É–∫, –æ—Ñ–∏—Ü–µ—Ä—ã –∏–º–µ—é—Ç –æ—Ä–¥–µ–Ω–∞ –∏ –º–µ–¥–∞–ª–∏ –ø–æ—á—Ç–∏ –∫–∞–∫ –º–∞—Ä—à–∞–ª –ñ—É–∫–æ–≤, –ø—É–ª–µ–π –Ω–µ –ø—Ä–æ—à–∏–±–µ—à—å...",11149634,3,3,5034313
–ê—Ä—Ç—É—Ä  –£—Ä–∞–∑–æ–≤,161415,2020-07-31 05:02:22,11149641,"–° –ö–∏—Ç–∞–µ–º –Ω—É–∂–Ω–æ —Å–æ—Ç—Ä—É–¥–Ω–∏—á–∞—Ç—å, –Ω–æ –ø–æ—Å–æ–ª –Ω–µ–º–Ω–æ–≥–æ –ø–µ—Ä–µ–≥–∏–±–∞–µ—Ç –ø—Ä–æ –µ–ª–∏–Ω—É—é —Å—É–¥—å–±—É –æ–±–æ–∏—Ö —Å—Ç—Ä–∞–Ω.",,2,8,5034313
Eternal Call,163227,2020-07-31 08:28:58,11149792,"–í —Å–≤–µ—Ç–µ –ø–æ—Å–ª–µ–¥–Ω–∏—Ö –æ—Ç–∫—Ä–æ–≤–µ–Ω–∏–π –ü–æ–º–ø–µ–æ –Ω–∞–¥–æ –æ–ø—Ä–µ–¥–µ–ª—è—Ç—å—Å—è —Å –∫–µ–º –∫–æ–Ω–∫—Ä–µ—Ç–Ω–æ —Å–æ—Ç—Ä—É–¥–Ω–∏—á–∞—Ç—å –Ω–∞ —Ñ–æ–Ω–µ –∞–º–µ—Ä–∏–∫–∞–Ω–æ-–∫–∏—Ç–∞–π—Å–∫–æ–≥–æ —Ä–∞–∑–ª–æ–º–∞, —Å –ö–∏—Ç–∞–µ–º –∏–ª–∏ —Å –°–®–ê –≤ —Ñ–æ—Ä–º–∞—Ç–µ C5+1",11149641,0,0,5034313
–ê–π–¥–∞—Ä–±–µ–∫,140778,2020-07-31 05:17:56,11149659,"—Å –ö–∏—Ç–∞–µ–º –≤—Å–µ–≥–¥–∞ –¥—Ä—É–∂–µ—Å—Ç–≤–µ–Ω–Ω—ã–µ —Å–æ—Å–µ–¥—Å–∫–∏–µ –æ—Ç–Ω–æ—à–µ–Ω–∏—è –±—ã–ª–∏ –Ω–æ –¥—Ä—É–∂–∏—Ç—å –Ω—É–∂–Ω–æ —Ä–æ–≤–Ω–æ —Å—Ç–æ–ª—å–∫–æ, —Å–∫–æ–ª—å–∫–æ —ç—Ç–æ –≤—ã–≥–æ–¥–Ω–æ –æ–±–µ–∏–º —Å—Ç—Ä–∞–Ω–∞–º",,-1,7,5034313
Www,101369,2020-07-31 05:22:37,11149667,"–ü—Ä–∞–≤–∏–ª—å–Ω—ã–π —Ö–æ–¥, –Ω–∞–º –Ω–µ–æ–±—Ö–æ–¥–∏–º–æ —Ä–∞–≤–Ω–æ–µ —Å–æ—Ç—Ä—É–¥–Ω–∏—á–µ—Å—Ç–≤–æ —Å–æ –≤—Å–µ–º–∏ –º–∏—Ä–æ–≤—ã–º–∏ –¥–µ—Ä–∂–∞–≤–∞–º–∏. –û–¥–Ω–æ–±–æ–∫–∞—è –≤–Ω–µ—à–Ω—è—è –ø–æ–ª–∏—Ç–∏–∫–∞ - —ç—Ç–æ —Ç—É–ø–∏–∫ –¥–ª—è –ö–∞–∑–∞—Ö—Å—Ç–∞–Ω–∞, —Ç–æ–ª—å–∫–æ –º–Ω–æ–≥–æ–≤–µ–∫—Ç–æ—Ä–Ω–∞—è –ø–æ–ª–∏—Ç–∏–∫–∞",,0,8,5034313
Takke,22396,2020-07-31 05:45:38,11149694,–∫–ª—é—á–µ–≤—ã–µ –∏–Ω—Ç–µ—Ä–µ—Å—ã –ö–∏—Ç–∞—è –∏–Ω—Ç–µ—Ä–µ—Å–Ω–æ –∫–∞–∫–∏–µ –≤ –æ—Ç–Ω–æ—à–µ–Ω–∏–∏ –ö–∞–∑–∞—Ö—Å—Ç–∞–Ω–∞?,,4,4,5034313
–õ—É—Ü–∏–π –°–µ–Ω–µ–∫–∞,131979,2020-07-31 06:23:14,11149727,"–ú—ã –∏–º –∑–æ–ª–æ—Ç–æ, –æ–Ω–∏ –Ω–∞–º —Å—Ç–µ–∫–ª—è–Ω–Ω—ã–µ –±—É—Å—ã.",11149694,1,1,5034313
arqa,166541,2020-07-31 08:06:20,11149783,"–ù–µ, —Å–æ–≤—Å–µ–º –Ω–µ —Ç–∞–∫. –ú—ã –∏–º —Ä–µ—Å—É—Ä—Å—ã, –æ–Ω–∏ –Ω–∞–º –¥–µ–Ω—å–≥–∏. –ü–æ—Ç–æ–º —É–∂–µ –º—ã –Ω–∞ —ç—Ç–∏ –¥–µ–Ω—å–≥–∏ –ø–æ–∫—É–ø–∞–µ–º –≤ –º–∏—Ä–µ —Ç–æ, —á—Ç–æ —Ö–æ—á–µ—Ç –Ω–∞—à –Ω–∞—Ä–æ–¥. –ü—Ä–æ—Å—Ç–æ —Ç–∞–∫ –≤—ã—à–ª–æ, —á—Ç–æ –ø–æ—á—Ç–∏ –≤—Å–µ –∏–∑–≥–æ—Ç–∞–≤–ª–∏–≤–∞–µ—Ç –ö–∏—Ç–∞–π. –î–∞–∂–µ –±–æ–ª—å—à–∏–Ω—Å—Ç–≤–æ —Ä–æ—Å—Å–∏–π—Å–∫–æ–≥–æ, –∫—ã—Ä–≥—ã–∑—Å–∫–æ–≥–æ —Ç–æ–≤–∞—Ä–∞ –ø—Ä–æ–º—ã—à–ª–µ–Ω–Ω–æ–≥–æ–¥–µ–ª–∞–µ—Ç—Å—è –≤ –ö–∏—Ç–∞–µ –∏ —É–∂–µ –ø–æ –º–µ—Å—Ç—É —ç—Ç–∏–∫–µ—Ç–∫–∏ –∏ –º–∞—Ä–∫–∏—Ä–æ–≤–∫–∞ –∫–ª–µ–∏—Ç—Å—è.<br>–¢–∞–∫ —á—Ç–æ –±—É—Å—ã —Ö–æ—á–µ—Ç –Ω–∞—à –Ω–∞—Ä–æ–¥, –∫–∏—Ç–∞–π—Ü—ã –ª–∏—à—å —É–¥–æ–≤–ª–µ—Ç–≤–æ—Ä—è—é—Ç –Ω–∞—à–∏ —Ö–æ—Ç–µ–ª–∫–∏. –ê –≤–æ—Ç —Ö–æ—Ç–µ–ª–∫–∏ –Ω–∞—à–∏ - –≤ –Ω–∞—à–∏—Ö —Ä—É–∫–∞—Ö. –û—Ç–∫–∞–∂–∏—Å—å –æ—Ç –±–∞—Ä–∞—Ö–ª–∞ –∏ –ø–æ–º–æ–∂–µ—à—å –≥–æ—Å—É–¥–∞—Ä—Å—Ç–≤—É —Å–æ—Ö—Ä–∞–Ω–∏—Ç—å –≤–∞–ª—é—Ç—É.",11149727,0,2,5034313
–õ—É—Ü–∏–π –°–µ–Ω–µ–∫–∞,131979,2020-07-31 09:24:53,11149828,"–ú–æ–∂–Ω–æ –ø–æ–∏–Ω—Ç–µ—Ä–µ—Å–æ–≤–∞—Ç—å—Å—è –ö–¢–û –≤—ã —Ç–∞–∫–∏–µ, —á—Ç–æ –ø–æ–∫—É–ø–∞–µ—Ç–µ –Ω–∞—Ä–æ–¥—É —Ç–æ, —á—Ç–æ –æ–Ω —Ö–æ—á–µ—Ç? –ò –µ—â–µ –≤–æ–ø—Ä–æ—Å: –µ—Å–ª–∏ —è –∑–∞–¥—É—à—É –≤ —Å–µ–±–µ –º–µ—â–∞–Ω—Å—Ç–≤–æ –∏ –ø—Ä–µ–∫—Ä–∞—â—É –ø–æ–∫—É–ø–∞—Ç—å –±–∞—Ä–∞—Ö–ª–æ, —Å–æ—Ö—Ä–∞–Ω–∏–≤ —ç—Ç–∏–º –≤–∞–ª—é—Ç—É –¥–ª—è –≥–æ—Å—É–¥–∞—Ä—Å—Ç–≤–∞, —á—Ç–æ –ø–æ—Ç–æ–º –≥–æ—Å—É–¥–∞—Ä—Å—Ç–≤–æ –∫—É–ø–∏—Ç –Ω–∞ —ç—Ç—É –≤–∞–ª—é—Ç—É?",11149783,1,1,5034313
arqa,166541,2020-07-31 09:53:30,11149839,"–ù–∞—Ä–æ–¥ —Å–∞–º –∏–∑—å—è–≤–ª—è–µ—Ç —Å–ø—Ä–æ—Å, –∞ –±–∏–∑–Ω–µ—Å —É–¥–æ–≤–ª–µ—Ç–≤–æ—Ä—è–µ—Ç –µ–≥–æ. –ù–æ –∫–ª—é—á–µ–≤–æ–π –º–æ–º–µ–Ω—Ç —ç—Ç–æ –ø–æ–∫—É–ø–∫–∞ –≤–∞–ª—é—Ç—ã –Ω–∞ –æ–ø–ª–∞—Ç—É –∫–æ–Ω—Ç—Ä–∞–∫—Ç–∞. –¢–∞–∫ –≤–æ—Ç —á–µ–º –º–µ–Ω—å—à–µ –±–∞—Ä–∞—Ö–ª–∞ –º—ã –ø—Ä–∏–æ–±—Ä–µ—Ç–∞–µ–º, —Ç–µ–º –º–µ–Ω—å—à–µ –≤–∞–ª—é—Ç—ã –Ω—É–∂–Ω–æ, —Ç–µ–º —Å–ø—Ä–æ—Å –Ω–∞ –Ω–µ–µ –Ω–∏–∂–µ, —Ç–µ–º –Ω–∏–∂–µ –∫—É—Ä—Å, —Ç–µ–º –Ω–∏–∂–µ  –∏–Ω—Ñ–ª—è—Ü–∏—è...",11149828,0,0,5034313
–ê–π–¥–∞—Ä–±–µ–∫,140778,2020-07-31 09:54:57,11149840,–¢—É—Ç —á—Ç–æ –æ–¥–Ω–∏ —Ç–∞—Ä–≥–∞—à–∏ —Å–æ–±—Ä–∞–ª–∏—Å—å —Å—Ç–∞—Ç—å—è –≤–æ–æ–±—â–µ –Ω–µ –æ —Ç–æ–º –≥–æ—Å–ø–æ–¥–∞,11149839,0,0,5034313
–ö—É–µ—Ä—Ç–∏ –ö–ª–∞–≤–∏–∞—Ç—É—Ä–æ–≤,101548,2020-07-31 07:53:05,11149775,"–û –∫–∞–∫–∏—Ö –∫–ª—é—á–µ–≤—ã—Ö –∏–Ω—Ç–µ—Ä–µ—Å–∞—Ö –æ–Ω –≥–æ–≤–æ—Ä–∏—Ç, –∏–Ω—Ç–µ—Ä–µ—Å—ã —ç—Ç–æ —É –°–®–ê, –ö–∏—Ç–∞–π, –†–æ—Å—Å–∏–∏!",,0,0,5034313
arqa,166541,2020-07-31 08:07:06,11149785,–î–∞–∂–µ —É –∫–æ–º–∞—Ä–∞ –µ—Å—Ç—å –∏–Ω—Ç–µ—Ä–µ—Å ....,11149775,0,0,5034313
Serik  Amangaliev,100521,2020-07-31 08:23:39,11149788,–ö–∞–∫ –±—ã –∏–∑ –ø–æ—è—Å–∞ –Ω–µ —Å–¥–µ–ª–∞–ª–∏ –ø–µ—Ç–ª—é),,0,0,5034313
Mike Mike,114314,2020-07-31 05:06:14,11149644,–ê–ø—Ç–µ–∫–∞ –∏–∑ –∞–∫–∏–º–∞—Ç–∞?–ü–æ–ª—É—á–∏–ª–∏ –¥–æ–±—Ä–æ?,,2,2,5034312
Serik Darkulov,117451,2020-07-31 04:03:09,11149560,–ì–ª—É–ø–æ—Å—Ç—å –ª—é–±–∏—Ç–µ–ª–µ–π —Ö–∞–ª—è–≤—ã –ø–æ–∏—Å—Ç–∏–Ω–µ –±–µ–∑–≥—Ä–∞–Ω–∏—á–Ω–∞.,,19,21,5034311
–ï–≤–≥–µ–Ω–∏–π –ú–æ—Ä–≥—É–Ω–æ–≤,101739,2020-07-31 10:28:33,11149847,"–ö–ª–∞—Å—Å–∏–∫–∞ –∂–∞–Ω—Ä–∞: <br><br><br>""–ü–æ–∫—É–¥–∞ –∂–∏–≤—ã –∂–∞–¥–∏–Ω—ã –≤–æ–∫—Ä—É–≥, <br>–£–¥–∞—á–∏ –º—ã –Ω–µ –≤—ã–ø—É—Å—Ç–∏–º –∏–∑ —Ä—É–∫. <br>–ü–æ–∫–∞ –∂–∏–≤—É—Ç –Ω–∞ —Å–≤–µ—Ç–µ –¥—É—Ä–∞–∫–∏, <br>–û–±–º–∞–Ω–æ–º –∂–∏—Ç—å –Ω–∞–º, —Å—Ç–∞–ª–æ –±—ã—Ç—å, —Å —Ä—É–∫–∏""...<br><br>(–°)",11149560,0,0,5034311
–ö–æ–Ω—Å—Ç—Ä—É–∫—Ç–∏–≤–∏–∑–∞—Ç–æ—Ä,157982,2020-07-31 04:04:08,11149562,"–î—É–º–∞—é, —á—Ç–æ –ø–æ—Ä–∞ –¥–µ–∫—Ä–∏–º–∏–Ω–∞–ª–∏–∑–∏—Ä–æ–≤–∞—Ç—å —Å—Ç–∞—Ç—å—é ""—Ñ–∏–Ω–∞–Ω—Å–æ–≤—ã–µ –ø–∏—Ä–∞–º–∏–¥—ã"". –ù–µ –Ω—É–∂–Ω–æ –≥—Ä—É–∑–∏—Ç—å –æ—Ä–≥–∞–Ω—ã —É–≥–æ–ª–æ–≤–Ω–æ–≥–æ –ø—Ä–µ—Å–ª–µ–¥–æ–≤–∞–Ω–∏—è —Ç–∞–∫–∏–º–∏ –¥–µ–ª–∞–º–∏. –ò–∑ –∑–∞ —ç—Ç–æ–≥–æ –æ—Å—Ç–∞—é—Ç—Å—è –Ω–µ—Ä–∞—Å–∫—Ä—ã—Ç—ã–º–∏ –±–æ–ª–µ–µ —Å–µ—Ä—å–µ–∑–Ω—ã–µ –¥–µ–ª–∞. –í—Å–µ –ª—é–¥–∏, –≤–∫–ª–∞–¥—ã–≤–∞—é—â–∏–µ –¥–µ–Ω—å–≥–∏ –≤ —Ç–∞–∫–∏–µ –ø—Ä–æ–∂–µ–∫—Ç—ã, –¥–æ–ª–∂–Ω—ã –ø–æ–Ω–∏–º–∞—Ç—å, —á—Ç–æ –∏—Ö –Ω–∏–∫—Ç–æ –Ω–µ –∑–∞—â–∏—Ç–∏—Ç –∏ –∑–∞—è–≤–ª–µ–Ω–∏–µ –∏—Ö –Ω–µ –ø—Ä–∏–º–µ—Ç.",,13,17,5034311
Fack,140389,2020-07-31 04:44:19,11149612,"–í—Å—ë –≤–µ—Ä–Ω–æ–µ, –∞ —Ç–æ –Ω–∞—à–∏ –æ—Ä–≥–∞–Ω—ã —Ç–æ–ª—å–∫–æ —Ç–µ–º –∏ –∑–∞–Ω–∏–º–∞—é—Ç—Å—è, —á—Ç–æ –∏—â—É—Ç –≤–ª–∞–¥–µ–ª—å—Ü–µ–≤ —Ñ–∏–Ω–∞–Ω—Å–æ–≤—ã—Ö –ø–∏—Ä–∞–º–∏–¥. –ï—Å–ª–∏ –≤–ª–æ–∂–∏–ª –¥–µ–Ω—å–≥–∏ –≤ —Ñ–∏–Ω–∞–Ω—Å–æ–≤—É—é –ø–∏—Ä–∞–º–∏–¥—É –∏ —Ö–æ—Ç–µ–ª –±—ã—Å—Ç—Ä–æ —Ä–∞–∑–±–æ–≥–∞—Ç–µ—Ç—å, —Ç–æ —ç—Ç–æ –ª–æ—Ö –ø–æ –∂–∏–∑–Ω–∏ –∏ –Ω–µ –Ω–∞–¥–æ –∏—Ö –∑–∞—â–∏—â–∞—Ç—å. –î–ª—è —ç—Ç–æ–≥–æ –µ—Å—Ç—å –±–∞–Ω–∫–∏ –∏ –¥—Ä—É–≥–∏–µ —Ñ–∏–Ω–∞–Ω—Å–æ–≤—ã–µ –∏–Ω—Å—Ç—Ä—É–º–µ–Ω—Ç—ã, –∞ —Ç–∞–∫ –Ω–∞–∑—ã–≤–∞–µ–º—ã–µ ""–ª–æ—Ö–∏"" –ø—É—Å—Ç—å –∏ –¥–∞–ª—å—à–µ –∫–æ—Ä–º—è—Ç –º–æ—à–µ–Ω–Ω–∏–∫–æ–≤.",11149562,10,10,5034311
–í–∏–∫—Ç–æ—Ä –ï—Ñ–∏–º–æ–≤–∏—á ________________________________,142821,2020-07-31 05:42:31,11149691,"–ò—Ö —á—Ç–æ, —Å–∏–ª–æ–π –∑–∞—Å—Ç–∞–≤–ª—è–ª–∏ –Ω–µ—Å—Ç–∏ —Ç—É–¥–∞ –¥–µ–Ω—å–≥–∏? –°–∫–æ—Ä–µ–µ –≤—Å–µ–≥–æ, –¥–æ–º–∞ –±—ã–ª —Å–æ–≤–µ—Ç, —Å–∫–æ–ª—å–∫–æ –≤–ª–æ–∂–∏—Ç—å. –≠—Ç–æ —Å–∞–º–æ—Å—Ç–æ—è—Ç–µ–ª—å–Ω–æ–µ —Ä–µ—à–µ–Ω–∏–µ, –∏ –∫—Ç–æ —Ç—É—Ç –≤–∏–Ω–æ–≤–∞—Ç? –ò–∑–Ω–∞—á–∞–ª—å–Ω–æ, –ø–∏—Ä–∞–º–∏–¥–∞ –æ–±–º–∞–Ω. –ñ–µ–ª–∞–Ω–∏–µ —Ä–∞–∑–±–æ–≥–∞—Ç–µ—Ç—å –∑–∞ —Å—á—ë—Ç –∫–æ–≥–æ-—Ç–æ –ø—Ä–∏–≤–æ–¥–∏—Ç –≤ –ø–ª–∞—á–µ–≤–Ω—ã–º —Ä–µ–∑—É–ª—å—Ç–∞—Ç–∞–º",11149612,1,3,5034311
Fack,140389,2020-07-31 04:46:10,11149621,"–ò —Å—É–¥—ã –Ω–µ –¥–æ–ª–∂–Ω—ã —Ç–æ–∂–µ —ç—Ç–∏–º –∑–∞–Ω–∏–º–∞—Ç—å—Å—è, –ø—É—Å—Ç—å —Å–∞–º–∏ –≤—ã–±–∏–≤–∞—é—Ç —Å–≤–æ–∏ –ª–µ–≥–∫–∏–µ –¥–µ–Ω—å–≥–∏, –∞ —Ç–æ –ø–æ–ª–∏—Ü–∏—è –∏ —Å—É–¥—ã —Å–æ–¥–µ—Ä–∂–∞—Ç—Å—è –Ω–∞ –Ω–∞—à–∏ –¥–µ–Ω—å–≥–∏ –∏ —Ä–∞–±–æ—Ç–∞—é—Ç –∫–∞–∫ –±—ã –¥–ª—è —ç—Ç–∏—Ö ""–ª–æ—Ö–æ–≤"".",11149562,6,6,5034311
Vitaliy Blogoved,152374,2020-07-31 05:35:47,11149686,–¢–æ–≥–¥–∞ –≤–æ–æ–±—â–µ —Ö–∞–æ—Å –±—É–¥–µ—Ç. –¢–∞–∫–æ–µ –º–æ–∂–Ω–æ —Å–¥–µ–ª–∞—Ç—å –ø—Ä–∏ 100% —Ñ–∏–Ω–∞–Ω—Å–æ–≤–æ–π –≥—Ä–∞–º–æ—Ç–Ω–æ—Å—Ç–∏ –Ω–∞—Å–µ–ª–µ–Ω–∏—è. –ù–æ —Ç–∞–∫–æ–≥–æ —É –Ω–∞—Å –∏ –±–ª–∏–∑–∫–æ –Ω–µ—Ç. –ú–Ω–æ–≥–∏–µ –Ω–µ—Å—É—Ç —Ç—É–¥–∞ –¥–µ–Ω—å–≥–∏ –ø—Ä–æ—Å—Ç–æ –ø–æ –Ω–µ–∑–Ω–∞–Ω–∏—é.,11149562,-2,4,5034311
Doni0101,147625,2020-07-31 04:06:01,11149564,–ñ–∏–∑–Ω—å –ø–ª–æ—Ö–∞ –±–µ–∑ –ª–æ—Ö–∞,,8,10,5034311
–ú–∞–∫—Å –ò–≤–∞–Ω–æ–≤,101412,2020-07-31 04:06:34,11149566,–•–æ—Ç–µ–ª–∏ —Ö–∞–ª—è–≤—ã –∏ –ø–æ–ø–∞–ª–∏. –ù–µ—á–µ–≥–æ –∂–∞–ª–æ–≤–∞—Ç—å—Å—è —Ç–µ–ø–µ—Ä—å.,,9,13,5034311
aziydoma,125561,2020-07-31 04:25:48,11149584,"—Ç—É—Ç –∫–∞–∫ –≥–æ–≤–æ—Ä–∏—Ç—Å—è –µ—Å—Ç—å —É –º–µ–¥–∞–ª–∏ –¥–≤–µ —Å—Ç–æ—Ä–æ–Ω—ã —Ç–µ–º–Ω–∞—è –∏ —Å–≤–µ—Ç–ª–∞—è, –æ–¥–∏ —Ö–æ—Ç–µ–ª–∏ —Ö–æ–ª—è–≤—ã –∞ –¥—Ä—É–≥–∏–µ –ø–æ–ª—É—á–∏–ª–∏ —Ö–æ–ª—è–≤—É,–≤—Å–µ —Å–ø—Ä–∞–≤–µ–¥–ª–∏–≤–∞",,6,8,5034311
Tiger15,153525,2020-07-31 04:50:12,11149629,–õ—é–±–∏—Ç–µ–ª–∏ —Ö–∞–ª—è–≤—ã —ç—Ç–æ —Ç–µ –∫—Ç–æ –∑–Ω–∞–ª —á—Ç–æ —ç—Ç–æ –ø–∏—Ä–∞–º–∏–¥–∞ –∏ —Å–ø–µ—Ü–∏–∞–ª—å–Ω–æ –ø–æ–ª–æ–∂–∏–ª –¥–µ–Ω—å–≥–∏ —á—Ç–æ–±—ã –ø–æ–ª—É—á–∏—Ç—å –ø—Ä–∏–±—ã–ª—å –∑–∞ —Å—á–µ—Ç –¥—Ä—É–≥–∏—Ö –∏ —Å–ø—Ä—ã–≥–Ω—É—Ç—å –≤–æ–≤—Ä–µ–º—è –ø–æ–∫–∞ –ø–∏—Ä–∞–º–∏–¥–∞ –Ω–µ —Ä—É—Ö–Ω—É–ª–∞.<br> –ê –µ—Å—Ç—å –ª—é–¥–∏ –Ω–µ —Å–ª—ã—à–∞–≤—à–∏–µ –ø—Ä–æ –ø–∏—Ä–∞–º–∏–¥—ã.–ö–æ—Ç–æ—Ä—ã–µ –≤–ª–æ–∂–∏–ª–∏—Å—å –Ω–µ –∑–Ω–∞—è —á—Ç–æ –ø–∏—Ä–∞–º–∏–¥—ã —ç—Ç–æ –æ–±–º–∞–Ω.–ù–∞–∑—ã–≤–∞—Ç—å —ç—Ç–∏—Ö –ª—é–¥–µ–π –ª–æ—Ö–∞–º–∏ –Ω–µ–ø—Ä–∞–≤–∏–ª—å–Ω–æ.–ù—É–∂–Ω–æ –ø–æ–≤—ã—à–∞—Ç—å —Ñ–∏–Ω–∞–Ω—Å–æ–≤—É—é –≥—Ä–∞–º–æ—Ç–Ω–æ—Å—Ç—å .,,-3,9,5034311
–í–ª–∞—Å—Ç—å –±–µ–¥–Ω—ã–º!,170075,2020-07-31 05:02:33,11149642,"–ù–µ, —ç—Ç–æ –∏ –µ—Å—Ç—å —Å–∞–º–≤–Ω –Ω–∞—Å—Ç–æ—è—â–∏–µ –ª–æ—Ö–∏. –ö–∞–∫ –º–æ–∂–Ω–æ –±—ã–ª–æ –Ω–µ —Å–ª—ã—à–∞—Ç—å –æ —Ñ–∏–Ω–∞–Ω—Å–æ–≤—ã—Ö –ø–∏—Ä–∞–º–∏–¥–∞—Ö –µ—Å–ª–∏ —Å–∫–∞–Ω–¥–∞–ª—ã —Å –∏—Ö —Ä–∞–∑–≤–∞–ª–æ–º –±—É—à–µ–≤–∞–ª–∏ –Ω–∞ –≤—Å—é —Å—Ç—Ä–∞–Ω—É –¥–µ—Å—è—Ç–∫–∏ —Ä–∞–∑ –Ω–∞—á–∏–Ω–∞—è —Å 90—Ö",11149629,4,8,5034311
–ò—Ä–∏–Ω–∞ –ö—É–∑–Ω–µ—Ü–æ–≤–∞,106802,2020-07-31 05:11:47,11149652,–î–∞ —Å–∫–æ–ª—å–∫–æ –º–æ–∂–Ω–æ –Ω–µ –∑–Ω–∞—Ç—å? —Å–æ –≤—Ä–µ–º–µ–Ω –º–∞–≤—Ä–æ–¥–∏ —É–∂–µ —ç—Ç–æ –≤—Å–µ –∏–¥–µ—Ç... –°–æ–º–Ω–µ–≤–∞—é—Å—å —á—Ç–æ –∫—Ç–æ —Ç–æ –æ–± —ç—Ç–æ–º –µ—â–µ –Ω–µ –∑–Ω–∞–µ—Ç... –õ—é–¥–∏ —Ö–æ—Ç—è—Ç –ø–æ –±—ã—Å—Ç—Ä–æ–º—É –∑–∞—Ä–∞–±–æ—Ç–∞—Ç—å –Ω–∏—á–µ–≥–æ –Ω–µ –¥–µ–ª–∞—è....,11149629,4,6,5034311
–í–∏–∫—Ç–æ—Ä –ï—Ñ–∏–º–æ–≤–∏—á ________________________________,142821,2020-07-31 05:39:23,11149689,"–ù–£–ñ–ù–û –Ω–∞–∑—ã–≤–∞—Ç—å –ª–æ—Ö–∞–º–∏. –í —Å–æ–≤—Ä–µ–º–µ–Ω–Ω–æ–º –∫–æ–º–ø—å—é—Ç–µ—Ä–∏–∑–∏—Ä–æ–≤–∞–Ω–Ω–æ–º –º–∏—Ä–µ, –∫–æ–≥–¥–∞ —É –∫–∞–∂–¥–æ–≥–æ —Ç–µ–ª–µ—Ñ–æ–Ω, –Ω–µ –∑–Ω–∞—Ç—å –æ —Ñ–∏–Ω. –ø–∏—Ä–∞–º–∏–¥–∞—Ö?",11149629,3,5,5034311
–í–ª–∞—Å—Ç—å –±–µ–¥–Ω—ã–º!,170075,2020-07-31 04:59:15,11149639,"–°–∞–º—ã–π –∂–∞–¥–Ω—ã–π –Ω–∞—Ä–æ–¥ –º–∏—Ä–∞ –∫–æ–Ω–µ—á–Ω–æ –∂–µ –Ω–µ –º–æ–≥ –æ—Å—Ç–∞—Ç—å—Å—è –≤ —Å—Ç–æ—Ä–æ–Ω–µ, –Ω—É–∂–Ω–æ –Ω–∞–π—Ç–∏ –∏ –ø–æ–π–º–∞—Ç—å –≤—Å–µ—Ö –∫—Ç–æ —É—Å–ø–µ–ª–∏ –æ–±–æ–≥–∞—Ç–∏—Ç—å—Å—è –Ω–∞ —ç—Ç–æ–π –ø—Ä–µ—Å—Ç—É–ø–Ω–æ–π —Å—Ö–µ–º–µ –¥–æ —Ç–æ–≥–æ –∫–∞–∫ –æ–Ω–∞ –ª–æ–ø–Ω—É–ª–∞ –∏ –∫–æ–Ω—Ñ–∏—Å–∫–æ–≤–∞—Ç—å —É –Ω–∏—Ö –≤—Å–µ –ø–æ–ª—É—á–µ–Ω–Ω—ã–µ —Å—É–º–º—ã",,-2,4,5034311
Doni0101,147625,2020-07-31 05:20:30,11149663,–ë–µ—Å–ø–ª–∞—Ç–Ω–æ –Ω–∏—á–µ–≥–æ –Ω–µ –±—ã–≤–∞–µ—Ç,,3,5,5034311
USSR,165401,2020-07-31 05:29:16,11149678,–õ –û –• –ò ) ) ),,3,5,5034311
–õ—É—Ü–∏–π –°–µ–Ω–µ–∫–∞,131979,2020-07-31 05:30:04,11149682,–ê–ª—á–Ω–æ—Å—Ç—å - —Ç—è–∂–∫–∏–π –≥—Ä–µ—Ö –ø–µ—Ä–µ–¥ –ë–æ–≥–æ–º –∏ —ç—Ç–æ —Å–æ–æ—Ç–≤–µ—Ç—Å—Ç–≤—É—é—â–µ–µ –Ω–∞–∫–∞–∑–∞–Ω–∏–µ –∑–∞ –Ω–µ–µ,,-2,6,5034311
Dikii Zapad,100747,2020-07-31 03:34:39,11149546,"–ù—É —Ç–æ –∫–∞–∫ –º–æ–∂–Ω–æ –ø–æ–ª—É—á–∏—Ç—å —Ä–∞–∑—Ä–µ—à–µ–Ω–∏–µ –≤ –ö–∞–∑–∞—Ö—Å—Ç–∞–Ω–µ –¥–∞–≤–Ω–æ –Ω–µ —Å–µ–∫—Ä–µ—Ç –ü–æ–ª–∏—à–∏–Ω–µ–ª—è.<br>–ü–æ—á–µ–º—É –Ω–µ –ø–æ–∫–∞–∑–∞–ª–∏ –æ–ø–∞—Å–Ω—ã–µ –∏–≥—Ä—É—à–∫–∏ –∞ —Å–¥–µ–ª–∞–ª–∏ –ø—Ä–æ—Å—Ç–æ –æ–±–∑–æ—Ä –≤–∏—Ç—Ä–∏–Ω—ã? –ù–∞–¥–æ –∂–µ —Å–æ–æ–±—â–∞—Ç—å –Ω–∞—Ä–æ–¥—É –∏–ª–∏ –Ω–µ —Å—Ç–∞–ª–∏ —Ä–∏—Å–∫–æ–≤–∞—Ç—å –∏ –≤–¥—Ä—É–≥ —É –∫–æ–≥–æ —Ç–æ –æ–∫–∞–∂–µ—Ç—Å—è –±–æ–ª–µ–µ ""–ø—Ä–∞–≤–∏–ª—å–Ω—ã–π"" —Å–µ—Ä—Ç–∏—Ñ–∏–∫–∞—Ç?",,5,7,5034310
–°–∞–∫–µ–Ω –î—É–ª–∞–±–∞–µ–≤,144412,2020-07-31 04:09:45,11149568,–ú–∞–¥–µ –∏–Ω –∫–∏—Ç–∞–π.  –ë—É–¥—Ç–æ –Ω–µ –∑–Ω–∞–ª–∏,,2,2,5034310
–í–ª–∞—Å—Ç—å –±–µ–¥–Ω—ã–º!,170075,2020-07-31 05:07:01,11149645,"–ù–µ —Ñ–∞–∫—Ç, –≤–ø–æ–ª–Ω–µ –º–æ–≥–ª–∏ –∏ –≤ –¥—Ä—É–≥–∏—Ö –º–µ—Å—Ç–∞—Ö –∏–∑–≥–æ—Ç–æ–≤–∏—Ç—å",11149568,-1,1,5034310
–ú–∞–∫—Å –ò–≤–∞–Ω–æ–≤,101412,2020-07-31 05:10:03,11149650,üòÇüòÇ–ê–≥–∞   –≤—Å—é –∫–æ–Ω—Ç—Ä–æ–±–∞–Ω–¥—É –¥–µ–ª–∞—é—Ç –≤ –û–¥–µ—Å—Å–µ –∏–ª–∏ —É –Ω–∞—Å –≤ –∑–∞—Ä–µ –≤–æ—Å—Ç–æ–∫–∞   ,11149645,2,2,5034310
–ù–∏–∫–æ–ª–∞–π –†–µ–ø–Ω–∏–∫–æ–≤,150105,2020-07-31 05:08:04,11149646,"–°–µ—Ä—Ç–∏—Ñ–∏–∫–∞—Ç—ã –Ω–∞–ª–µ–≤–æ –∏ –Ω–∞–ø—Ä–∞–≤–æ —Ä–∞–∑–¥–∞—é—Ç—Å—è, –ø—Ä–∏ —Ç–æ–º, —á—Ç–æ –Ω–∞ –∫–∞–∂–¥–æ–º –∏–∑ –Ω–∞—Å –æ—Ç 90 % –æ–¥–µ–∂–¥—ã –∏ –æ–±—É–≤–∏ –∏–∑ –ø–æ–¥–Ω–µ–±–µ—Å–Ω–æ–π; –≤–æ—Ç –≥–¥–µ –∞–Ω—Ç–∏–∫–æ—Ä –¥–æ–ª–∂–µ–Ω —Ä–∞–±–æ—Ç–∞—Ç—å –≤–æ –±–ª–∞–≥–æ –Ω–∞—Ä–æ–¥–∞ –∏ –≥–æ—Å—É–¥–∞—Ä—Å—Ç–≤–∞, –Ω–µ –¥–æ–ø—É—Å–∫–∞—è –ª–∏–ø–æ–≤—ã—Ö —Å–¥–µ–ª–æ–∫! –î–µ—Ç–∏ –≥—Ä—ã–∑—É—Ç –∏–≥—Ä—É—à–∫–∏, –∞ –ø–æ—Ç–æ–º –∂–µ–ª—É–¥–æ—á–Ω—ã–µ –∏ –∞–ª–ª–µ—Ä–≥–µ–Ω–Ω—ã–µ –∑–∞–±–æ–ª–µ–≤–∞–Ω–∏—è –∏ –Ω–∏–∫—Ç–æ —Å—Ä–∞–∑—É –Ω–µ –º–æ–∂–µ—Ç –ø–æ–Ω—è—Ç—å - –æ—Ç–∫—É–¥–∞ –≤–∑—è–ª–æ—Å—å.......",,3,3,5034310
Mike Mike,114314,2020-07-31 05:08:04,11149647,"–ö—É–¥–∞ —Å–º–æ—Ç—Ä—è—Ç/–Ω–µ —Å–º–æ—Ç—Ä—è—Ç –æ—Ä–≥–∞–Ω—ã —Å–∞–Ω–∏—Ç–∞—Ä–Ω–æ–≥–æ,–º–µ–¥–∏—Ü–∏–Ω—Å–∫–æ–≥–æ –∫–æ–Ω—Ç—Ä–æ–ª—è –∏–ª–∏ –≤ –¥–æ–ª–µ...?",,2,2,5034310
–í–ª–∞—Å—Ç—å –±–µ–¥–Ω—ã–º!,170075,2020-07-31 05:08:48,11149648,–í –¥–æ–ª–µ,11149647,2,2,5034310
Takke,22396,2020-07-31 05:51:04,11149699,"""–ú–∏–Ω–∏—Å—Ç–µ—Ä—Å—Ç–≤–æ —Ç–æ—Ä–≥–æ–≤–ª–∏ –∏ –∏–Ω—Ç–µ–≥—Ä–∞—Ü–∏–∏ —Å–µ–π—á–∞—Å –≤—ã—è—Å–Ω—è–µ—Ç, –∫–∞–∫ –æ–ø–∞—Å–Ω—ã–π —Ç–æ–≤–∞—Ä –º–æ–≥ –ø–æ–ø–∞—Å—Ç—å –Ω–∞ –ø—Ä–∏–ª–∞–≤–∫–∏ –∫–∞–∑–∞—Ö—Å—Ç–∞–Ω—Å–∫–∏—Ö –º–∞–≥–∞–∑–∏–Ω–æ–≤"" - –∞ –ø—Ä–æ–∫—É—Ä–∞—Ç—É—Ä–∞ —Å–≤–æ—é –º–∏—Å—Å–∏—é –∑–∞–∫–æ–Ω—á–∏–ª–∞?",,0,0,5034310
–ú–∞–∫—Å –ò–≤–∞–Ω–æ–≤,101412,2020-07-31 05:53:11,11149702,–û–Ω–∏ —É–∂–µ —Å–≤–æ–µ –∫ –ø—Ä–∞–∑–¥–Ω–∏–∫—É –ø–æ–ª—É—á–∏–ª–∏ )),11149699,1,1,5034310
–ê–ª–µ–∫—Å–∞–Ω–¥—Ä –ï–ª–∏–∑–∞—Ä–æ–≤,170436,2020-07-31 08:40:53,11149798,made in China ))),,0,0,5034310
–®—ã–Ω–≥—ã—Å,161492,2020-07-31 04:44:24,11149613,–ê–ª –º–µ—Ä–µ–∫–µ “õ“±—Ç—Ç—ã –±–æ–ª“ì–∞–π,,0,0,5034308
–°–∞–ø–∞—Ä—Ö–∞–Ω,151837,2020-07-31 04:45:09,11149619,“ö“±—Ä–±–∞–Ω –ê–π—Ç –±–∞—Ä–ª—ã“ì—ã–º—ã–∑“ì–∞ –±–µ—Ä–µ–∫–µ –∞–ª—ã–ø –∫–µ–ª–≥–µ–π,,0,0,5034308
–ê–±–∞–π,151532,2020-07-31 04:46:10,11149620,–û—Å—ã–Ω–∞—É “õ–∏—ã–Ω “õ—ã—Å—Ç–∞—É –∫–µ–∑–µ“£–¥–µ –ê–π—Ç –±–æ–ª—ã–ø –∫”©“£—ñ–ª—ñ–º—ñ–∑ –±—ñ—Ä –º–∞—Ä“õ–∞–π—ã—Ä “õ–∞–ª–¥–∞—É,,0,0,5034308
–¢—É—Ä—Å—ã–Ω,161488,2020-07-31 04:47:01,11149622,–ë–∞—Ä–ª—ã“ì—ã“£—ã–∑“ì–∞ —Ç–µ–∫ –∂–∞“õ—Å—ã–ª—ã“õ—Ç–∞—Ä —Ç—ñ–ª–µ–π–º—ñ–Ω!,,0,0,5034308
–ú–∞–¥–∏,161371,2020-07-31 04:47:47,11149623,"“ö“±—Ä–±–∞–Ω –∞–π—Ç –±–µ—Ä–µ–∫–µ,–±—ñ—Ä–ª—ñ–∫ ”ô–∫–µ–ª—Å—ñ–Ω",,0,0,5034308
–ë–µ–∫—Ç—É—Ä—Å—ã–Ω,161496,2020-07-31 04:48:45,11149624,–û—Ç–±–∞—Å—ã–ª–∞—Ä—ã“£—ã–∑“ì–∞ –∞–º–∞–Ω–¥—ã“õ —Ç—ñ–ª–µ–π–º—ñ–Ω,,0,0,5034308
–°–µ–π—Ç,161385,2020-07-31 04:49:28,11149626,–û–π —Ä–∞—Ö–º–µ—Ç –∞–π–Ω–∞–ª–∞–π—ã–Ω,,0,0,5034308
–ê–ª–∏—à–µ—Ä,151844,2020-07-31 04:49:59,11149628,"–ú–µ—Ä–µ–∫–µ “õ“±—Ç, –±–µ—Ä–µ–∫–µ ”ô–∫–µ–ª–≥–µ–π",,0,0,5034308
–ê—Ö–º–µ—Ç,161495,2020-07-31 04:51:05,11149630,"–ê–º–∞–Ω –±–æ–ª–∞–π—ã“õ,–¢—ñ–ª–µ—Ä—ñ–º—ñ–∑ –µ–ª–¥—ñ“£ –∞–º–∞–Ω–¥—ã“ì—ã –±–æ–ª“ì–∞–π",,0,0,5034308
–¢–∏–º—É—Ä,151528,2020-07-31 04:51:44,11149632,"–ë–∞—Ä—à–∞ –∂–∞–Ω–¥–∞—Ä“ì–∞ –¥–µ–Ω–Ω—ñ“£ —Å–∞—É–ª—ã“ì—ã–Ω,–æ—Ç–±–∞—Å—ã –∞–º–∞–Ω–¥—ã“ì—ã–Ω —Ç—ñ–ª–µ–π–º—ñ–Ω!",,0,0,5034308
–ö–∞–π—Å–∞—Ä,161482,2020-07-31 07:49:26,11149770,“ö“±—Ä–±–∞–Ω –ê–π—Ç –µ–ª—ñ–º—ñ–∑–≥–µ “õ“±—Ç –±–µ—Ä–µ–∫–µ –∞–ª—ã–ø –∫–µ–ª—Å—ñ–Ω!,,0,0,5034307
–ï—Ä–±–æ–ª,161389,2020-07-31 07:49:59,11149771,–û—Ç–±–∞—Å—ã–ª–∞—Ä—ã“£—ã–∑“ì–∞ –∞–º–∞–Ω–¥—ã“õ —Ç—ñ–ª–µ–π–º—ñ–Ω,,0,0,5034307
Amanzol Tursunbai,136710,2020-07-31 07:50:47,11149772,“ö–∞–∑–∞“õ –µ–ª—ñ –∞–º–∞–Ω –±–æ–ª—Å—ã–Ω!,,0,0,5034307
Sanzhar Erkinov,136707,2020-07-31 07:51:38,11149773,–ë–∞—Ä—à–∞ –º“±—Å—ã–ª–º–∞–Ω–¥–∞—Ä–¥—ã –ê–π—Ç –º–µ—Ä–µ–∫–µ—Å—ñ–º–µ–Ω “õ“±—Ç—Ç—ã“õ—Ç–∞–π–º—ã–Ω,,0,0,5034307
–•–∞–±–∏–±,161491,2020-07-31 07:52:33,11149774,“ö–æ–π —Å–æ–π—ã–ø “õ“±—Ä–±–∞–Ω–¥—ã“õ —à–∞–ª—É–¥—ã “±–º—ã—Ç–ø–∞“£—ã–∑–¥–∞—Ä,,0,0,5034307
–°–µ–∫–µ,15821,2020-07-31 03:00:25,11149534,"–ï—Å–ª–∏ —É–º–µ—Ä —Ç–æ –æ—Ç –ø–Ω–µ–≤–º–æ–Ω–∏–∏, –µ—Å–ª–∏ –≤—ã–ª–µ—á–∏–ª—Å—è —Ç–æ –æ—Ç –ö–í–ò.",,5,5,5034306
–ü–µ—Ç—Ä–æ–≤–∏—á,157496,2020-07-31 03:28:18,11149545,–ê —á—Ç–æ –≤ –ê–ª–º–∞—Ç—ã –Ω–µ –≤—ã–∑–¥–æ—Ä–∞–≤–ª–∏–≤–∞—é—Ç???,,4,4,5034306
Oksana,157795,2020-07-31 03:59:41,11149556,–ù–µ—Ç –µ—â—ë. –ü–∏–∫–∞–∑–∞ –Ω–µ –±—ã–ª–æ.,11149545,5,5,5034306
Dastin,167759,2020-07-31 05:37:53,11149688,"–í—ã–∑–¥–æ—Ä–∞–≤–ª–∏–≤–∞—é—Ç, –Ω–æ –æ–Ω–∏ –Ω–µ –∑–Ω–∞—é—Ç –æ–± —ç—Ç–æ–º.",11149545,2,2,5034306
–±–æ–ª—å—à–æ–π –±—Ä–∞—Ç,104049,2020-07-31 05:52:38,11149701,"–ü–æ–Ω–∏–º–∞—é, —á—Ç–æ —Å—Ç–∞—Ç–∏—Å—Ç–∏–∫–∞ –Ω–µ —Ç–æ—á–Ω–∞ –≤ —Å–∏–ª—É –º–Ω–æ–≥–∏—Ö –æ–±—Å—Ç–æ—è—Ç–µ–ª—å—Å—Ç–≤, –Ω–æ —Ä–∞–¥—É–µ—Ç, —á—Ç–æ –Ω–∞–∫–æ–Ω–µ—Ü-—Ç–æ, —Ç–µ–º –±–æ–ª–µ–µ –≤ —ç—Ç–æ—Ç —Å–≤—è—â–µ–Ω–Ω—ã–π –¥–µ–Ω—å –¥–ª—è –º–Ω–æ–≥–∏—Ö –∫–∞–∑–∞—Ö—Å—Ç–∞–Ω—Ü–µ–≤, –∫–æ–ª–∏—á–µ—Å—Ç–≤–æ –≤—ã–∑–¥–æ—Ä–æ–≤–µ–≤—à–∏—Ö 1702 –ø—Ä–µ–≤—ã—Å–∏–ª–æ –∫–æ–ª–∏—á–µ—Å—Ç–≤–æ –∑–∞—Ä–∞–∑–∏–≤—à–∏—Ö—Å—è 1414.",,1,1,5034306
–ê–ª–º–∞—Ç–∏–Ω–µ—Ü,156737,2020-07-31 04:05:38,11149563,–¢–∞–º –æ–¥–∏–Ω —Ç–µ–∫—Å—Ç –µ–º—É –∏ —Å–æ–≤–µ—Ç—É –±–µ–∑–æ–ø–∞—Å–Ω–æ—Å—Ç–∏ –ø–æ–ª–æ–≥–∞—é –æ–¥–∏–Ω —á–µ–ª–æ–≤–µ–∫ –ø–∏—à–µ—Ç?,,3,3,5034305
Aigul Aigul,118452,2020-07-31 04:22:26,11149579,”ò—É–º–∏–Ω,,0,0,5034305
–î–∞—Å—Ç–∞–Ω,161476,2020-07-31 04:34:13,11149587,“ö“±—Ä–±–∞–Ω –ê–π—Ç –º–µ—Ä–µ–∫–µ—Å—ñ–º–µ–Ω—Å—ñ–∑–¥–µ—Ä–¥—ñ —à—ã–Ω –∂“Ø—Ä–µ–∫—Ç–µ–Ω “õ“±—Ç—Ç—ã“õ—Ç–∞–π–º—ã–Ω,,0,2,5034305
–ê–ª–º–∞—Ç,151851,2020-07-31 04:35:07,11149588,“ö“±—Ç—Ç—ã –±–æ–ª—Å—ã–Ω,,0,2,5034305
–ï—Ä–∂–∞–Ω,161478,2020-07-31 04:36:06,11149589,–†–∞—Ö–º–µ—Ç –¢–∞–∫–µ),,1,1,5034305
–ì–∞–ª—ã–º–∂–∞–Ω,161497,2020-07-31 04:36:46,11149590,–ë—ñ—Ä–≥–µ –±–æ–ª—Å—ã–Ω!,,0,2,5034305
–ë–∞–∫—Ç–∏—è—Ä,161452,2020-07-31 04:37:50,11149593,–ú–µ—Ä–µ–∫–µ–ª–µ—Ä—ñ“£—ñ–∑–±–µ–Ω!,,0,2,5034305
–°–∞–º–∞—Ç,151855,2020-07-31 04:38:55,11149596,–û—Å—ã –∞–π—Ç—Ç–∞ –¥“±“ì–∞ —Ç—ñ–ª–µ–∫—Ç–µ—Ä—ñ“£—ñ–∑ “õ–∞–±—ã–ª –±–æ–ª“ì–∞–π,,0,2,5034305
–ò–ª–∏—è—Å,161369,2020-07-31 04:40:05,11149600,–ë“±–π—ã—Ä—Å–∞ –º—ã–Ω–∞ –∞—É—Ä—É–¥–∞–Ω –∞–º–∞–Ω –µ—Å–µ–Ω —à—ã“ì—É–¥—ã —Ç—ñ–ª–µ–π—ñ–∫,,0,2,5034305
–ì–∞–±–∏—Ç,161360,2020-07-31 04:40:54,11149602,–ê–º–∞–Ω –±–æ–ª—ã“£—ã–∑–¥–∞—Ä –±–∞—Ä—à–∞ “õ–∞–∑–∞“õ –µ–ª—ñ,,0,2,5034305
Vincento Vegas,144927,2020-07-31 02:24:28,11149514,"–£–∂–µ –º–Ω–æ–≥–æ–º–∏–ª–ª–∏–∞—Ä–¥–Ω—ã–π –ö–∏—Ç–∞–π –æ–±–æ–≥–Ω–∞–ª–∏,–∫–æ—Ç–æ—Ä—ã–π –ø–æ–∂–∏—Ä–∞–µ—Ç –ª–µ—Ç—É—á–∏—Ö –º—ã—à–µ–π –∏ —Ç–∞—Ä–∞–∫–∞–Ω–æ–≤.–ò —ç—Ç–æ –µ—â—ë –ø–µ—Ä–≤–æ–µ –ø–æ–ª—É–≥–æ–¥–∏–µ.",,7,7,5034304
–∏–≤–∞–Ω –ø–µ—Ç—Ä–æ–≤,123880,2020-07-31 03:02:01,11149536,1414. –Ø —ç—Ç–æ—Ç –Ω–æ–º–µ—Ä —Ç–µ–ª–µ—Ñ–æ–Ω–∞ –Ω–∞–¥–æ–ª–≥–æ –∑–∞–ø–æ–º–Ω—é.,,4,4,5034304
–û—Ç–µ—Ü –≤–∞—à,155693,2020-07-31 03:11:51,11149539,–ö–∞–∫ –æ–Ω–∏ —Å–±—Ä–∞—Å—ã–≤–∞—é—Ç ?) –ò –ø–æ—Ç–æ–º –≥–æ–≤–æ—Ä—è—Ç –æ—Ü–µ–Ω–∏—Ç–µ ?),11149536,3,3,5034304
Late05,28675,2020-07-31 03:23:11,11149544,–ù–µ –≤–æ–∑–º–æ–∂–Ω–æ –¥–æ–∑–≤–æ–Ω–∏—Ç—å—Å—è!!!,11149536,2,2,5034304
–í–∏–æ–ª–µ—Ç—Ç–∞ –ñ—É—Ä–æ–º—Å–∫–∞—è-–õ–µ–π—Ö–º–∞–Ω,169532,2020-07-31 04:06:08,11149565,–Ø –¥–æ–∑–≤–æ–Ω–∏–ª–∞—Å—å –±–µ–∑ –ø—Ä–æ–±–ª–µ–º! –û—á–µ–Ω—å –±–ª–∞–≥–æ–¥–∞—Ä–Ω–∞ –¥–µ–≤—É—à–∫–∞–º —Å–æ—Ç—Ä—É–¥–Ω–∏–∫–∞–º –∑–∞ –∫–æ–Ω—Å—É–ª—å—Ç–∞—Ü–∏—é –∏ –ø–æ–º–æ—â—å!,11149544,-2,2,5034304
–ù–µ–≤–µ—Ä—é,154214,2020-07-31 05:27:18,11149675,–∑–≤–æ–Ω–∏—Ç—å –Ω–µ—Å—Ç–∞–ª..–≤—Å–µ —Ä–∞–≤–Ω–æ –Ω–µ–¥–∞–¥—É—Ç..–∑—Ä—è –µ—Å–ø –∑–∞–ø–ª–∞—Ç–∏–ª..,11149565,1,1,5034304
LION KING,106169,2020-07-31 06:35:34,11149738,–°–ª–µ–¥—É—é—â–∏–π –Ω–æ–º–µ—Ä –∫–∞–∫–æ–π –±—É–¥–µ—Ç —Ä–µ–∫–ª–∞–º–∏—Ä–æ–≤–∞—Ç—å??? 7111?,,2,2,5034304
Vincento Vegas,144927,2020-07-31 02:21:36,11149510,"–ù—É –¥–∞,–Ω—É –¥–∞.....",,5,5,5034303
Takke,22396,2020-07-31 06:06:16,11149713,"–∏ –ø—Ä–æ—Ç–æ–∫–æ–ª –Ω–∞—Ä—É—à–µ–Ω, —Å–ø–µ—Ä–≤–∞ –ü—Ä–µ–∑–∏–¥–µ–Ω—Ç –¥–æ–ª–∂–µ–Ω –ø—Ä–æ–∑–¥—Ä–∞–≤–∏—Ç—å",11149510,1,1,5034303
–ê–ª–º–∞—Ç–∏–Ω–µ—Ü,156737,2020-07-31 04:03:42,11149561,–•–æ—Ç—å —Å—Ç–æ –º–µ—á–µ—Ç–µ–π –ø–æ—Å—Ç—Ä–æ–π—Ç–µ –Ω—É –ê–ª–ª–∞—Ö –≤—Å–µ –≤–∏–¥–µ—Ç! –¢–∞–∫ —á—Ç–æ —è –µ–≥–æ –ø–æ–∑–¥—Ä–∞–≤–ª–µ–Ω–∏—è –º–∏–º–æ —É—à–µ–π –ø—Ä–æ–ø—É—Å–∫–∞—é,,7,7,5034303
Mike Mike,114314,2020-07-31 05:14:41,11149654,"–ú–µ—á–µ—Ç—è–º–∏ –Ω–µ –æ—á–∏—Å—Ç–∏—à—å—Å—è –æ—Ç –≥—Ä—è–∑–Ω—ã—Ö –¥–µ—è–Ω–∏–π –∏ –Ω–µ –±—É–¥–µ—à—å –∞–Ω–≥–µ–ª–æ–º!!!""–ú–µ—á–µ—Ç–∏,–ø–æ—Å—Ç—Ä–æ–µ–Ω–Ω—ã–µ –Ω–∞ –Ω–µ—á–µ—Å—Ç–Ω—ã—Ö –¥–µ–Ω—å–≥–∞—Ö –Ω–∏–∫–æ–≥–¥–∞ –Ω–µ –±—É–¥—É—Ç –¥–æ–º–æ–º –í—Å–µ–≤—ã—à–Ω–µ–≥–æ""-—Ç–∞–∫ —Å–∫–∞–∑–∞–ª —É–ª–µ–º –°—É–ª–µ–π–º–∞–Ω–∞ –í–µ–ª–∏–∫–æ–ª–µ–ø–Ω–æ–≥–æ.",11149561,4,4,5034303
–î–∞—Å—Ç–∞–Ω,161476,2020-07-31 04:37:28,11149592,–í—Å–µ—Ö —Å –ø—Ä–∞–∑–¥–Ω–∏–∫–æ–º,,0,0,5034303
–ï—Ä–∞—Å—ã–ª,161367,2020-07-31 04:38:29,11149595,–ü—É—Å—Ç—å –≤ —ç—Ç–æ—Ç –¥–µ–Ω—å –∏ –Ω–µ —Ç–æ–ª—å–∫–æ —Å–µ—Ä–¥—Ü–µ –±—É–¥–µ—Ç –∫–∞–∂–¥–æ–≥–æ –Ω–∞–ø–æ–ª–Ω–µ–Ω–æ —Ç–æ–ª—å–∫–æ –ª—é–±–æ–≤—å—é,,1,1,5034303
–ê–±–∞–π,151532,2020-07-31 04:39:22,11149598,"–ñ–µ–ª–∞—é –≤—Å–µ–º –º–∏—Ä–Ω–æ–≥–æ –Ω–µ–±–∞, –±–ª–∞–≥–æ–ø–æ–ª—É—á–∏—è –∏ –∫—Ä–µ–ø–∫–æ–≥–æ –∑–¥–æ—Ä–æ–≤—å—è.",,1,1,5034303
–°–∞–ø–∞—Ä—Ö–∞–Ω,151837,2020-07-31 04:40:18,11149601,"–ë–µ—Ä–µ–≥–∏—Ç–µ —Å–µ–±—è, —Ü–µ–Ω–∏—Ç–µ –∫–∞–∂–¥—ã–π –º–∏–≥ –∏ —Ç–≤–æ—Ä–∏—Ç–µ –¥–æ–±—Ä—ã–µ –¥–µ–ª–∞",,1,1,5034303
–ú–µ–¥–µ—Ç,161380,2020-07-31 04:41:02,11149603,–° —ç—Ç–æ–≥–æ –¥–Ω—è –∏ –æ—Ç–Ω—ã–Ω–µ –ø—É—Å—Ç—å —É –≤—Å–µ—Ö –≤—Å–µ –±—É–¥–µ—Ç —Ö–æ—Ä–æ—à–æ,,1,1,5034303
Ilyas Nurlanov,136712,2020-07-31 04:41:51,11149607,–°–ø–∞—Å–∏–±–æ –∑–∞ —Ç–∞–∫–∏–µ —Ç–µ–ø–ª—ã–µ –ø–æ–∂–µ–ª–∞–Ω–∏—è,,-5,5,5034303
–ï—Ä–¥–∞—É–ª–µ—Ç,161387,2020-07-31 04:43:19,11149610,–ó–¥–æ—Ä–æ–≤—å—è –∏ –ø—Ä–æ—Ü–≤–µ—Ç–∞–Ω–∏—è –≤ –∫–∞–∂–¥—É—é —Å–µ–º—å—é –Ω–∞—à–µ–π –º–Ω–æ–≥–æ–Ω–∞—Ü–∏–æ–Ω–∞–ª—å–Ω–æ–π —Å—Ç—Ä–∞–Ω—ã,,1,1,5034303
–ê–ª–∏—à–µ—Ä,151844,2020-07-31 04:43:57,11149611,"–ß–µ—Ä–µ–∑ –ø—Ä–∏–∑–º—É —Ç–∞–∫–∏—Ö –ø—Ä–∞–∑–¥–Ω–∏–∫–æ–≤ –∏ –ø—Ä–∏–≤–∏–≤–∞–µ—Ç—Å—è –Ω—Ä–∞–≤—Å—Ç–≤–µ–Ω–Ω–æ–µ –≤–æ—Å–ø–∏—Ç–∞–Ω–∏–µ, –≤—Å–µ—Ö –µ—â–µ —Ä–∞–∑ —Å –ø—Ä–∞–∑–¥–Ω–∏–∫–æ–º",,0,0,5034303
–ö–∞–∑–∞—Ö-PRO .,105495,2020-07-31 01:42:50,11149505,"–û–ø—ã—Ç–Ω—ã–π –∫–∞—Ä–¥–∏–æ–ª–æ–≥ —Å –±–æ–ª—å—à–∏–º —Å—Ç–∞–∂–µ–º –ø–µ—Ä–µ–ª—ë—Ç–æ–≤ –∫–∞–∫-—Ç–æ —Ä–∞–∑ –ø–æ—è—Å–Ω–∏–ª, —á—Ç–æ –∫—Ç–æ –∑–∞–¥—Ä–µ–º–∞–ª –≤–æ –≤—Ä–µ–º—è –≤–∑–ª—ë—Ç–∞, —Ç–æ—Ç –ø–æ—Ç–æ–º –Ω–µ —Å–º–æ–∂–µ—Ç —Å–ø–∞—Ç—å –≤ –ø–æ–ª—ë—Ç–µ –∏–º–µ–Ω–Ω–æ –∏–∑-–∑–∞ –ø–µ—Ä–µ–ø–∞–¥–æ–≤ –¥–∞–≤–ª–µ–Ω–∏—è.<br>–ü–æ—ç—Ç–æ–º—É –∏ –Ω–∞–¥–æ –≤—ã–¥–µ—Ä–∂–∞—Ç—å –∏ –Ω–µ —É—Å–Ω—É—Ç—å, –æ—Å–æ–±–µ–Ω–Ω–æ –≤–æ –≤—Ä–µ–º—è —Ä–∞–Ω–Ω–µ–≥–æ —É—Ç—Ä–µ–Ω–Ω–µ–≥–æ –≤–∑–ª—ë—Ç–∞.<br>–ó–∞—Ç–æ –ø–æ—Ç–æ–º –æ—Ç—Å—ã–ø–∞—Ç—å—Å—è –≤ –ø–æ–ª—ë—Ç–µ",,3,3,5034302
–ú–∞—Ä–∏–Ω–∞ –õ–∏–≥–∞–π,155288,2020-07-31 04:15:10,11149573,"–ù—É –Ω–µ –∑–Ω–∞—é...—è –ª–µ–≥—á–µ –ø–µ—Ä–µ–Ω–æ—à—É –ø–æ—Å–∞–¥–∫—É, –∫–æ–≥–¥–∞ —Å–ø–ª—é ü§£. –ù–µ –ª—é–±–ª—é –≤–∑–ª–µ—Ç—ã –∏ –ø–æ—Å–∞–¥–∫–∏...–Ω–æ–≥–∞ –±–ª–∏–Ω —Å–∞–º–∞ –Ω–∞ —Ç–æ—Ä–º–æ–∑ –∂–º—ë—Ç ü§£ü§£",,8,8,5034302
Adam Abbas,100965,2020-07-31 05:34:09,11149684,"–í–æ–æ–±—â–µ –Ω–µ –ª—é–±–ª—é –ª–µ—Ç–∞—Ç—å, –Ω–∏—á–µ–≥–æ –Ω–µ –∫–æ–Ω—Ç—Ä–æ–ª–∏—Ä—É–µ—à—å... –ê –ø–∏–ª–æ—Ç —Ö–µ—Ä –µ–≥–æ –∑–Ω–∞–µ—Ç –∫–∞–∫–æ–π...",,2,2,5034302
–î—Ä–æ–Ω –∑–∞–¥—É–º—á–∏–≤—ã–π,110679,2020-07-31 06:13:21,11149716,"–¢–∞–º —Å–µ–π—á–∞—Å –ø–æ –±–æ–ª—å—à–µ–π —á–∞—Å—Ç–∏ —Ä–∞–±–æ—Ç–∞–µ—Ç –∞–≤—Ç–æ–º–∞—Ç–∏–∫–∞, —Ç–∞–∫ —á—Ç–æ –Ω–µ —Å—Ç—Ä–∞—à–Ω–æ.",11149684,5,7,5034302
–ê—Ä–º–∞–Ω,151104,2020-07-31 09:35:22,11149833,"–Ø —É–≤–µ—Ä–µ–Ω —á—Ç–æ –±–æ–ª—å—à–µ  , —è –Ω–∞–ø—Ä–∏–º–µ—Ä –±–æ–ª–µ—é  –±–µ—Å—Å–∏–º—Ç–æ–º–Ω–æ  –º–µ–Ω—è –≤ —ç—Ç–æ–º —Å–ø–∏—Å–∫–µ –Ω–µ—Ç—É —Ç–æ—á–Ω–æ",,0,0,5034301
Sauber,110251,2020-07-31 01:12:30,11149501,–ó–∞ —É–¥–æ–≤–æ–ª—å—Å—Ç–≤–∏–µ –Ω–∞–¥–æ –ø–ª–∞—Ç–∏—Ç—å)),,11,17,5034300
–í–æ—Å—Ç–æ—á–Ω—ã–π –ü–∞—Ä—Ç–∏–∑–∞–Ω,100115,2020-07-31 03:41:24,11149549,–ì–ª–∞–≤–Ω–æ–µ –Ω–µ –ø–æ–¥—Ü–µ–ø–∏—Ç—å –∫–∞–∫–æ–π –Ω–∏—Ç—å –∑–∞—Ä–∞–∑—ã –ø—Ä–∏ –ø–æ–ª—É—á–µ–Ω–∏–∏ —Ç–∞–∫–æ–≥–æ –¥–µ—à–æ–≤–æ–≥–æ –∏ –≥—Ä—è–∑–Ω–æ–≥–æ —É–¥–æ–≤–æ–ª—å—Å—Ç–≤–∏—è... üòÇ,11149501,10,14,5034300
–ú–∞–∫—Å –ò–≤–∞–Ω–æ–≤,101412,2020-07-31 03:46:34,11149552,–£–∫—Ä–∞–∏–Ω—Å–∫–∏—Ö –æ—Ñ–∏—Ü–µ—Ä–æ–≤?  üòÇüòÇüòÇüòÇ –ü—Ä–∞–ø–æ—Ä—â–∏–∫–æ–≤ –Ω–∞–¥–æ –≥–æ—Ç–æ–≤–∏—Ç—å. –ß—Ç–æ –Ω–µ —Ö–æ—Ö–æ–ª —Ç–æ –ø—Ä–∞–ø–æ—Ä—â–∏–∫. –í—Å–µ–≥–¥–∞ —Ç–∞–∫ –±—ã–ª–æ  ,,10,16,5034300
–ú–∞–∫—Å –ò–≤–∞–Ω–æ–≤,101412,2020-07-31 03:55:32,11149554,–ò–Ω–∞—á–µ –Ω–µ–∫–æ–º—É –±—É–¥–µ—Ç —Ä–∞—Å—Ç–∞—Å–∫–∏–≤–∞—Ç—å –æ–±–º—É–Ω–¥–µ—Ä–æ–≤–∞–Ω–∏–µ.,11149552,10,14,5034300
–õ—É—Ü–∏–π –°–µ–Ω–µ–∫–∞,131979,2020-07-31 04:10:12,11149569,–ù–∞–ø–∏—à–∏—Ç–µ —Å–µ–±–µ –Ω–∞ –ª–±—É –Ω–µ—Å–º—ã–≤–∞–µ–º–æ–π –∫—Ä–∞—Å–∫–æ–π -–ö–ê–¶–ê–ü.,11149552,-11,17,5034300
–ú–∞–∫—Å –ò–≤–∞–Ω–æ–≤,101412,2020-07-31 04:12:56,11149571,–ê —Ç—ã —Å–µ–±–µ –ß–£–î–ê–ö —Ç–æ–ª—å–∫–æ —Å –±—É–∫–≤—ã –ú,11149569,11,17,5034300
–õ—É—Ü–∏–π –°–µ–Ω–µ–∫–∞,131979,2020-07-31 04:08:19,11149567,"–ï–¥–∏–Ω—Å—Ç–≤–µ–Ω–Ω—ã–π –≤–æ–ø—Ä–æ—Å, –ø–æ –∫–æ—Ç–æ—Ä–æ–º—É —Ä–µ—Å–ø—É–±–ª–∏–∫–∞–Ω—Ü—ã —Å –¥–µ–º–æ–∫—Ä–∞—Ç–∞–º–∏ –Ω–µ —Ä—É–≥–∞—é—Ç—Å—è - —ç—Ç–æ –ø–æ–º–æ—â—å –£–∫—Ä–∞–∏–Ω–µ",,-10,14,5034300
–ü–ª–µ–∫–∞–Ω–µ—Ü –ü–ª–µ–∫–∞–Ω–µ—Ü,121951,2020-07-31 04:15:07,11149572,"–ï–¥–∏–Ω—Å—Ç–≤–µ–Ω–Ω—ã–π –≤–æ–ø—Ä–æ—Å, –ø–æ –∫–æ—Ç–æ—Ä–æ–º—É –≤ –†–∞–¥–µ –Ω–µ –±—å—é—Ç –ø–æ —Ñ–∏–∑–∏–æ–Ω–æ–º–∏–∏, —ç—Ç–æ —Ç–æ, —á—Ç–æ –ª—é–±—É—é –ø–æ–º–æ—â—å –∏ –∫—Ä–µ–¥–∏—Ç –Ω–∞–¥–æ —Å–≤–æ—Ä–æ–≤–∞—Ç—å",11149567,11,15,5034300
–ü–ª–µ–∫–∞–Ω–µ—Ü –ü–ª–µ–∫–∞–Ω–µ—Ü,121951,2020-07-31 04:20:59,11149578,"–†—É–¥–ª—å—Ñ –î–∂—É–ª–∏–∞–Ω–∏: ""–ù–∞ –£–∫—Ä–∞–∏–Ω–µ —Ä–∞–∑–≤–æ—Ä–æ–≤–∞–ª–∏ –±–æ–ª–µ–µ 5 –º–ª—Ä–¥ –¥–æ–ª –ø—Ä–∏ –ø—Ä–µ–∑–∏–¥–µ–Ω—Ç–µ –ü–æ—Ä–æ—à–µ–Ω–∫–æ""",11149567,10,16,5034300
–ö–∞–∑–∞—Ö-PRO .,105495,2020-07-31 09:20:58,11149822,"Internet: –£–∫—Ä–∞–∏–Ω–∞ —Ä–∞—Å—Å–º–∞—Ç—Ä–∏–≤–∞–µ—Ç –ì–ª–æ–±–∞–ª—å–Ω—ã–π —Ñ–æ—Ä—É–º –ø–æ –≤–æ—Å—Å—Ç–∞–Ω–æ–≤–ª–µ–Ω–∏—é –∞–∫—Ç–∏–≤–æ–≤ –≤ —Å–ª–µ–¥—É—é—â–µ–º –≥–æ–¥—É –∫–∞–∫ –æ—Å–Ω–æ–≤–Ω—É—é –≤–æ–∑–º–æ–∂–Ω–æ—Å—Ç—å –¥–æ–±–∏—Ç—å—Å—è –ø—Ä–æ–≥—Ä–µ—Å—Å–∞ –≤ –≤–æ–∑–≤—Ä–∞—â–µ–Ω–∏–∏ –¥–æ 40 –º–∏–ª–ª–∏–∞—Ä–¥–æ–≤ –¥–æ–ª–ª–∞—Ä–æ–≤, –∫–æ—Ç–æ—Ä—ã–µ, –ø–æ –µ–µ —Å–ª–æ–≤–∞–º, –±—ã–ª–∏ —É–∫—Ä–∞–¥–µ–Ω—ã —É –≥–æ—Å—É–¥–∞—Ä—Å—Ç–≤–∞, –∫–æ–≥–¥–∞ –±—ã–≤—à–∏–π –ø—Ä–µ–∑–∏–¥–µ–Ω—Ç –í–∏–∫—Ç–æ—Ä –Ø–Ω—É–∫–æ–≤–∏—á –±—ã–ª —É –≤–ª–∞—Å—Ç–∏.",11149578,4,4,5034300
–ö–∞–∑–∞—Ö-PRO .,105495,2020-07-31 09:21:10,11149824,–ú–∞—Ä–∏–æ–Ω–µ—Ç–∫–∞ –≤–∞—Ç—ã,11149822,4,4,5034300
–ö–∞–∑–∞—Ö-PRO .,105495,2020-07-31 09:25:05,11149829,"Internet: –ë—ã–≤—à–∏–µ —É–∫—Ä–∞–∏–Ω—Å–∫–∏–µ —á–∏–Ω–æ–≤–Ω–∏–∫–∏ –Ω–∞–ø—Ä–∞–≤–∏–ª–∏ –≤ –†–æ—Å—Å–∏—é 32 –º–∏–ª–ª–∏–∞—Ä–¥–∞ –¥–æ–ª–ª–∞—Ä–æ–≤, –∑–∞—è–≤–∏–ª –∏—Å–ø–æ–ª–Ω—è—é—â–∏–π –æ–±—è–∑–∞–Ω–Ω–æ—Å—Ç–∏ –≥–µ–Ω–µ—Ä–∞–ª—å–Ω–æ–≥–æ –ø—Ä–æ–∫—É—Ä–æ—Ä–∞ –£–∫—Ä–∞–∏–Ω—ã –ø–µ—Ä–µ–¥ –≤—Å—Ç—Ä–µ—á–µ–π –≤ –õ–æ–Ω–¥–æ–Ω–µ –ø–æ –æ—Ç—Å–ª–µ–∂–∏–≤–∞–Ω–∏—é –¥–µ–Ω–µ–≥, –ø—Ä–µ–¥–ø–æ–ª–æ–∂–∏—Ç–µ–ª—å–Ω–æ –ø–æ—Ö–∏—â–µ–Ω–Ω—ã—Ö —Å–≤–µ—Ä–≥–Ω—É—Ç—ã–º –ø—Ä–µ–∑–∏–¥–µ–Ω—Ç–æ–º –£–∫—Ä–∞–∏–Ω—ã –í–∏–∫—Ç–æ—Ä–æ–º –Ø–Ω—É–∫–æ–≤–∏—á–µ–º.",11149824,2,2,5034300
–•–æ–∑—è–∏–Ω —É–º–ø–∞–ª—É–º–ø,150493,2020-07-31 10:39:19,11149856,"—à–∞–ª, –∫–∞–∫ —Ç—ã —Å–µ–±–µ –≤–æ–æ–±—â–µ –ø—Ä–µ–¥—Å—Ç–∞–≤–ª—è–µ—à—å –æ—Ç–ø—Ä–∞–≤–∫—É 32 000 000 000 –≤ –†–æ—Å—Å–∏—é? –ß–µ—Ä–µ–∑ –∫–∞–∫–∏–µ –∫–∞–Ω–∞–ª? —Ç—ã –≤—Å–µ —Ç–∞–∫–∏ –ø–µ—â–µ—Ä–Ω—ã–π —à–∞–ªüëå",11149829,0,0,5034300
ZHuma,146675,2020-07-31 04:57:52,11149636,"–ù—É –Ω–∞–¥–æ –∂–µ –∏–º–µ—Ç—å —à–∞–≤–∫—É –Ω–∞ –ø—Ä–∏–≤—è–∑–∏, –≥–∞–≤–∫–∞—é—â—É—é –æ –≤—Ç–æ—Ä–∂–µ–Ω–∏–∏...",11149567,11,15,5034300
—Å–ª–∞–Ω—Ü–µ–≤—ã–π –º–∞–π–¥–∞–Ω—â–∏–∫,136996,2020-07-31 05:01:44,11149640,–∏ —Ç—Ä–∞–Ω–∑–∏—Ç —Å–ª–∞–Ω—Ü–µ–≤–æ–≥–æ –≥–∞–∑–∞.. <br>—Ç–æ–∂–µ - –∫–∞–∂–¥—ã–π –≥–æ–¥,,9,13,5034300
Eljas Esengeldiev,107567,2020-07-31 09:40:27,11149835,–ö—Ç–æ –∑–∞ –¥–µ–≤—É—à–∫—É –ø–ª–∞—Ç–∏—Ç —Ç–æ—Ç –∏ —Ç–∞–Ω—Ü—É–µ—Ç —Å –Ω–µ–π,,-2,2,5034300
–•–æ–∑—è–∏–Ω —É–º–ø–∞–ª—É–º–ø,150493,2020-07-31 10:36:05,11149851,"–ü–æ–º–Ω—é —É–∫—Ä–∞–º —É–∂–µ –±–∞–±–ª–∞ –∑–∞–Ω–∏–º–∞–ª–∏ –Ω–∞ –≤–µ–ª–∏–∫—É—é —É–∫—Ä–æ—Å—Ç–µ–Ω–∫—É. –°—Ç—Ä–æ–∏–ª –µ—ë –≤–æ–ª—à–µ–±–Ω—ã–π –∫—Ä–æ–ª–∏–∫. –ê —Ç–µ–ø–µ—Ä—å —É–≥–∞–¥–∞–π—Ç–µ, –≥–¥–µ —É–∫—Ä–æ—Å—Ç–µ–Ω–∫–∞ –∏ –≥–¥–µ —Ç–µ–ø–µ—Ä  –°–µ–Ω—å–∫–∞ –Ø—Ü–µ–Ω—é–∫?üòÇ<br>–û–¥–Ω–∞–∫–æ...–≤—ã–ø–ª–∞—á–∏–≤–∞—Ç—å –±—É–¥—É—Ç —É–∫—Ä—ãüëå",,0,0,5034300
–ë–æ–ª–∞—Ç–±–µ–∫ –ê—Å—ã–ª–±–∞–µ–≤,102145,2020-07-31 02:06:11,11149508,–ö–∞–∫–æ–π –ò—à–∏–º? –ú–æ–∂–µ—Ç –ò—Ä—Ç—ã—à?,,3,3,5034298
Dikii Zapad,100747,2020-07-31 02:35:22,11149519,–¢—É—Ç –Ω–µ —Ä–µ–∫–æ–π –∞ –æ–±–ª–∞—Å—Ç—å—é –æ—à–∏–±–ª–∏—Å—å ) –≠—Ç–æ –≤ –°–ö–û –ø—Ä–æ–∏–∑–æ—à–ª–æ –Ω–∞ –ò—à–∏–º–µ,11149508,1,1,5034298
–í–∏–∫—Ç–æ—Ä –ï—Ñ–∏–º–æ–≤–∏—á ________________________________,142821,2020-07-31 05:25:41,11149670,–¢–æ—á–Ω–æ—Å—Ç—å –≥–µ–æ–ø–æ–∑–∏—Ü–∏–∏ –Ω–∞ –Ω—É–ª–µ)),11149519,0,0,5034298
Mike Mike,114314,2020-07-31 05:10:01,11149649,"–î–æ —á–µ–≥–æ ""—Ç–∞–ª–∞–Ω—Ç–ª–∏–≤–∞"" –Ω–∏–≤–∞ –±—É–º–∞–≥–æ–º–∞—Ä–∞–∫???",,2,2,5034298
TamerLINE,17562,2020-07-30 20:45:25,11149415,–•–æ—Ä–æ—à–∏–π –ø–æ–≤–æ–¥ –æ–ø—É—Å—Ç–∏—Ç—å –∫—É—Ä—Å —Ç–µ–Ω–≥–µ –µ—â–µ –Ω–∏–∂–µ üëç,,9,11,5034297
–ê–π–≥–µ—Ä–∏–º,166352,2020-07-30 21:12:08,11149418,–í–æ—Ç –ø–æ—á–µ–º—É –¥–æ–ª–ª–∞—Ä 423,,8,8,5034297
–ù–∏–∫–æ–ª–∞–π –†–µ–ø–Ω–∏–∫–æ–≤,150105,2020-07-31 04:53:39,11149633,"–ê —Ç–æ–ø–ª–∏–≤–æ –∫–æ–º–º–µ—Ä—Å—ã –≤ —Ü–µ–Ω–µ –Ω–µ —Å–Ω–∏–∂–∞—é—Ç! –ü–æ—á–µ–º—É –±—ã –¥–ª—è –Ω–∞—Ä–æ–¥–∞,—Ö–æ—Ç—å —ç—Ç–æ –Ω–µ —Å–¥–µ–ª–∞—Ç—å......–≤—Å—ë –∏–º –º–∞–ª–æ, –∫–∞—Ä–º–∞–Ω—ã –Ω–∞–±–∏–≤–∞—é—Ç!!!",,9,9,5034297
–ú–∞–∫—Å –ò–≤–∞–Ω–æ–≤,101412,2020-07-31 05:59:24,11149707,–°–Ω–∏–∂–∞—é—Ç. –¢–æ–ª—å–∫–æ –Ω–µ –Ω–∞ –ø—Ä–æ—Å—Ç–æ—Ä–∞—Ö —Å–Ω–≥–æ–≤–µ–Ω–æ–≥–æ –ø—Ä–æ—Å—Ç—Ä–∞–Ω—Å—Ç–≤–∞.,11149633,3,3,5034297
LION KING,106169,2020-07-31 05:57:06,11149705,"–ø—Ä–æ Chevron, Exxon-Mobile –Ω–∏—á–µ–≥–æ –Ω–µ –Ω–∞–ø–∏—Å–∞–ª–∏ - –Ω–µ—Ç –¥–∞–Ω–Ω—ã—Ö",,1,1,5034297
TamerLINE,17562,2020-07-30 20:48:21,11149416,–ê–≥–∞... –ù–∞–¥–µ–≤–∞–µ–º –±–µ—Ç–ø–µ—Ä–¥—É –∏ —Å –æ–ø—Ç–∏–º–∏–∑–º–æ–º —Å–º–æ—Ç—Ä–∏–º –≤ –±—É–¥—É—â–µ–µ,,3,5,5034296
—Å–ª–∞–Ω—Ü–µ–≤—ã–π –º–∞–π–¥–∞–Ω—â–∏–∫,136996,2020-07-31 06:20:40,11149726,"–±–ª–∞–≥–æ–¥–∞—Ä—è –ê–º–µ—Ä–∏–∫–µ, –Ω–∞–≤–µ—Ä–Ω–æ–µ?<br>–æ—Å–æ–±–µ–Ω–Ω–æ –≤ –ò—Ç–∞–ª–∏–∏",,3,3,5034296
–í–ª–∞—Å—Ç—å –±–µ–¥–Ω—ã–º!,170075,2020-07-31 04:12:45,11149570,"–ì–µ—Å—Ç–∞–ø–æ –∏ –ø—ã—Ç–∫–∏ —Ç–æ–∫–æ–º, –ø–æ –º–æ–µ–º—É —ç—Ç–æ –∞—Ä—Ö–∏–≤–Ω–∞—è —Å—Ç–∞—Ç—å—è –∏—Å—Å–ª–µ–¥–æ–≤–∞–Ω–∏–π –ø—Ä–∏ –º—É—Å—Å–æ–ª–∏–Ω–∏",,3,3,5034295
–î—Ä–æ–Ω –∑–∞–¥—É–º—á–∏–≤—ã–π,110679,2020-07-31 06:16:05,11149719,–õ—é–¥–∏ –≤ —á–µ—Ä–Ω–æ–º: –ù–∞—á–∞–ª–æ.,,-1,1,5034295
Aleksandr Adkin,128755,2020-07-30 18:39:54,11149311,"–ü–æ–ª–Ω–∞—è –ø–æ–¥—Å—Ç–∞–≤–∞,–Ω–∞ –¥–æ—Ä–æ–≥–∞—Ö –≤—Å–µ –ø—Ä–æ–∑—Ä–∞—á–Ω–æ,–∫–∞–∂–¥—ã–π –Ω–∞ —Ö–ª–µ–± —Ä–∞–±–æ—Ç–∞–µ—Ç,–≥–¥–µ —Å—Ç—Ä–∞—Ö–æ–≤–∫–∞ –≥—Ä—É–∑–∞,–≥–¥–µ —Å–æ–ø—Ä–æ–≤–æ–∂–¥–∞—é—â–∏–π? –ö–∞–∫–∏–µ –º–æ—à–µ–Ω–Ω–∏–∫–∏? –í–æ–¥–∏—Ç–µ–ª—å –¥–∞–ª—å—à–µ —Ä—É–ª—è –Ω–µ —É—Ö–æ–¥–∏—Ç... –í–æ–¥–∏—Ç–µ–ª—è –Ω–∞–¥–æ –ø–æ–¥–¥–µ—Ä–∂–∞—Ç—å! –ó–∞ —á–µ—Ç—ã—Ä–Ω–∞–¥—Ü–∞—Ç—å –ª—è–º–æ–≤ –≤ —Ç—é—Ä—å–º—É –Ω–∏ –∑–∞ —á—Ç–æ?",,-4,6,5034294
–í–∏–∫—Ç–æ—Ä –ï—Ñ–∏–º–æ–≤–∏—á ________________________________,142821,2020-07-31 05:22:05,11149666,"–∑–∞ 14 –º–ª–Ω –∫–∞–∑–Ω–∏—Ç—å –Ω–∞–¥–æ, —ç—Ç–æ –Ω–µ –≥–æ—Å—É–¥–∞—Ä—Å—Ç–≤–æ –æ–±–º–∞–Ω—É–ª, –ß–ï–õ–û–í–ï–ö–ê",11149311,1,1,5034294
–ô–æ–∂–µ–≥,126386,2020-07-31 02:33:37,11149518,"–°—Ö–µ–º–∞ –æ—á–µ–Ω—å –ø—Ä–æ—Å—Ç–∞—è, –∫–ª–∏–µ–Ω—Ç –Ω–∞—Ö–æ–¥–∏—Ç –º–∞—à–∏–Ω—É –Ω–∞ –î–µ–ª–ª–∞ –∏–ª–∏ –§–∞–§–∞, –¥–æ–≥–æ–≤–∞—Ä–∏–≤–∞–µ—Ç—Å—è —Å –≤–æ–¥–∏—Ç–µ–ª–µ–º –æ –ø–µ—Ä–µ–≤–æ–∑–∫–µ. –í–æ–¥–∏—Ç–µ–ª—å –æ–±—è–∑—É–µ—Ç—Å—è –¥–æ—Å—Ç–∞–≤–∏—Ç—å –≥—Ä—É–∑. –ú–∞—à–∏–Ω—É –∑–∞–≥—Ä—É–∂–∞—é—Ç —Ç–æ–≤–∞—Ä–æ–º, –≤–æ–¥–∏–ª–∞ —É–µ–∑–∂–∞–µ—Ç –∏ –≤—Å–µ. –•–æ—Ä–æ—à–æ –µ—Å–ª–∏ –¥–æ–≥–æ–≤–æ—Ä –±—ã–ª, –≤ –±–æ–ª—å—à–∏–Ω—Å—Ç–≤–µ —Å–ª—É—á–∞–µ–≤ –Ω–∏–∫—Ç–æ –Ω–µ –∑–∞–∫–ª—é—á–∞–µ—Ç –¥–∞–∂–µ —ç—Ç–æ–≥–æ. –ù–∞ —Ç–µ–ª–µ—Ñ–æ–Ω —Å–Ω–∏–º—É—Ç –º–∞—à–∏–Ω—É, –ø—Ä–∞–≤–∞, —É–¥–æ—Å—Ç–æ–≤–µ—Ä–µ–Ω–∏–µ–º –∏  –æ—Ç–ø—Ä–∞–≤–ª—è—é—Ç —Ç–æ–≤–∞—Ä. –°–∞–º —á–∞—Å—Ç–æ –æ—Ç–ø—Ä–∞–≤–ª—è—é —Ç–∞–∫,–Ω–µ –≤—Å–µ —Ç–∞–∫–∏–µ –∫–æ–Ω–µ—á–Ω–æ, —Ç–µ–ø–µ—Ä—å –ª—é–¥–∏ –±—É–¥—É—Ç —Å—Ç—Ä–∞—Ö–æ–≤–∞—Ç—å—Å—è",,3,3,5034294
–ö–∞–π—Ä–∞—Ç –ö—Ä—ã–º–±–µ–∫–æ–≤,114303,2020-07-30 22:54:23,11149462,–ü—É—Å—Ç—å –ø—Ä–∏–º–µ—Ç –ê–ª–ª–∞—Ö –æ—Ç –Ω–∞—Å –∏ –æ—Ç –≤–∞—Å!!!,,4,4,5034290
–ë–∞—Ö—ã—Ç –¢–∞–ª—ã—Å–±–∞–µ–≤–∞,147895,2020-07-31 08:22:48,11149787,"”ò—É–º–∏–Ω, –Ω–∏–µ—Ç “õ–∞–±—ã–ª –±–æ–ª—Å—ã–Ω",11149462,3,3,5034290
